user,item,rating,index_item,index_user,SMILES,,,,,,,,,,,,,,
20053,4208,1,16,53,OC[C@H]1OC(O)[C@@H](O)[C@@H](O)[C@@H]1O,,,,,,,,,,,,,,
20053,4167,1,19,53,OC[C@H]1OC(O)[C@H](O)[C@@H](O)[C@@H]1O,,,,,,,,,,,,,,
20053,16467,1,21,53,N[C@@H](CCCNC(N)=N)C(O)=O,,,,,,,,,,,,,,
20053,17115,1,25,53,N[C@@H](CO)C(O)=O,,,,,,,,,,,,,,
20053,15756,1,13,53,CCCCCCCCCCCCCCCC(O)=O,,,,,,,,,,,,,,
20053,17992,1,36,53,OC[C@H]1O[C@H](O[C@]2(CO)O[C@H](CO)[C@@H](O)[C@@H]2O)[C@H](O)[C@@H](O)[C@@H]1O,,,,,,,,,,,,,,
20053,16134,1,66,53,[H]N([H])[H],,,,,,,,,,,,,,
,,,,,,,,,,,,,,,,,,,
,,,,,,,,,,,,,,,,,,,
,item,rating,,,,,,,,,,,,,,,,,
,17754,1,,,OCC(O)CO,,,,,,,,,,,,,,
,17568,1,,,O=c1cc[nH]c(=O)[nH]1,,,,,,,,,,,,,,
,17268,1,,,O[C@H]1[C@H](O)[C@@H](O)[C@H](O)[C@H](O)[C@@H]1O,,,,,,,,,,,,,,
,16189,1,,,[O-]S([O-])(=O)=O,,,,,,,,,,,,,,
,16680,1,,,N[C@@H](CCSC[C@H]1O[C@H]([C@H](O)[C@@H]1O)n1cnc2c(N)ncnc12)C(O)=O,,,,,,,,,,,,,,
,,,,,,,,,,,,,,,,,,,
,,,,,,,,,,,,,,,,,,,
,,,,,,,,,,,,,,,,,,,
user,item,rating,index_item,index_user,,,,,,,,,,,,,,,
37513,17154,1,40,151,NC(=O)c1cccnc1,,,,,,,,,,,,,,
,,,,,,,,,,,,,,,,,,,
,item,rating,,,,,,,,,,,,,,,,,
,17268,1,,,O[C@H]1[C@H](O)[C@@H](O)[C@H](O)[C@H](O)[C@@H]1O,,,,,,,,,,,,,,
,,,,,,,,,,,,,,,,,,,
,,,,,,,,,,,,,,,,,,,
,,,,,,,,,,,,,,,,,,,
user,item,rating,index_item,index_user,,,,,,,,,,,,,,,
83186,30751,1,48,403,[H]C(O)=O,,,,,,,,,,,,,,
83186,17992,1,36,403,OC[C@H]1O[C@H](O[C@]2(CO)O[C@H](CO)[C@@H](O)[C@@H]2O)[C@H](O)[C@@H](O)[C@@H]1O,,,,,,,,,,,,,,
83186,31941,1,84,403,[H][N]1([H])[C@@H]2CCCC[C@H]2[N]([H])([H])[Pt]11OC(=O)C(=O)O1,,,,,,,,,,,,,,
,,,,,,,,,,,,,,,,,,,
,item,rating,,,,,,,,,,,,,,,,,
,37550,1,,,CCCCCCCCCCCCC\C=C\[C@@H](O)[C@@H](N)COP(O)(O)=O,,,,,,,,,,,,,,
,,,,,,,,,,,,,,,,,,,
,,,,,,,,,,,,,,,,,,,
,,,,,,,,,,,,,,,,,,,
user,item,rating,index_item,index_user,,,,,,,,,,,,,,,
192085,49960,1,45,1171,COc1cc2c(Nc3ccc(Br)cc3F)ncnc2cc1OCC1CCN(C)CC1,,,,,,,,,,,,,,
,,,,,,,,,,,,,,,,,,,
,item,rating,,,,,,,,,,,,,,,,,
,15864,1,,,OC1=CC(O)=C2C(=O)C=C(OC2=C1)C1=CC=C(O)C(O)=C1,,,,,,,,,,,,,,
,,,,,,,,,,,,,,,,,,,
,,,,,,,,,,,,,,,,,,,
,,,,,,,,,,,,,,,,,,,
user,item,rating,index_item,index_user,,,,,,,,,,,,,,,
55245,15971,1,22,232,N[C@@H](Cc1c[nH]cn1)C(O)=O,,,,,,,,,,,,,,
55245,17992,1,36,232,OC[C@H]1O[C@H](O[C@]2(CO)O[C@H](CO)[C@@H](O)[C@@H]2O)[C@H](O)[C@@H](O)[C@@H]1O,,,,,,,,,,,,,,
,,,,,,,,,,,,,,,,,,,
user,item,rating,index_item,index_user,,,,,,,,,,,,,,,
55245,17568,1,18,232,O=c1cc[nH]c(=O)[nH]1,,,,,,,,,,,,,,
,,,,,,,,,,,,,,,,,,,
,,,,,,,,,,,,,,,,,,,
,,,,,,,,,,,,,,,,,,,
user,item,rating,index_item,index_user,,,,,,,,,,,,,,,
15811,15428,1,20,36,NCC(O)=O,,,,,,,,,,,,,,
15811,16467,1,21,36,N[C@@H](CCCNC(N)=N)C(O)=O,,,,,,,,,,,,,,
15811,15971,1,22,36,N[C@@H](Cc1c[nH]cn1)C(O)=O,,,,,,,,,,,,,,
15811,17115,1,25,36,N[C@@H](CO)C(O)=O,,,,,,,,,,,,,,
15811,16349,1,32,36,N[C@@H](CCCNC(N)=O)C(O)=O,,,,,,,,,,,,,,
15811,18050,1,33,36,N[C@@H](CCC(N)=O)C(O)=O,,,,,,,,,,,,,,
15811,17295,1,34,36,N[C@@H](Cc1ccccc1)C(O)=O,,,,,,,,,,,,,,
15811,15891,1,41,36,C(CS(O)(=O)=O)N,,,,,,,,,,,,,,
,,,,,,,,,,,,,,,,,,,
,item,rating,,,,,,,,,,,,,,,,,
,545959,2,,,COc1cc(CC(O)=O)ccc1O,,,,,,,,,,,,,,
,,,,,,,,,,,,,,,,,,,
,,,,,,,,,,,,,,,,,,,
,,,,,,,,,,,,,,,,,,,
user,item,rating,index_item,index_user,,,,,,,,,,,,,,,
87714,28061,1,27,452,OC[C@H]1O[C@H](O)[C@H](O)[C@@H](O)[C@H]1O,,,,,,,,,,,,,,
87714,104872,1,82,452,COc1ccc(cc1OC1CCCC1)C1CNC(=O)C1,,,,,,,,,,,,,,
87714,16349,2,32,452,N[C@@H](CCCNC(N)=O)C(O)=O,,,,,,,,,,,,,,
,,,,,,,,,,,,,,,,,,,
,,,,,,,,,,,,,,,,,,,
,item,rating,,,,,,,,,,,,,,,,,
,545959,1,,,COc1cc(CC(O)=O)ccc1O,,,,,,,,,,,,,,
,,,,,,,,,,,,,,,,,,,
,,,,,,,,,,,,,,,,,,,
,,,,,,,,,,,,,,,,,,,
user,item,rating,index_item,index_user,,,,,,,,,,,,,,,
118733,18132,1,51,651,C[N+](C)(C)CCOP(O)(O)=O,,,,,,,,,,,,,,
118733,16313,3,58,651,OC(=O)[C@H]1CCCN1,,,,,,,,,,,,,,
118733,16523,1,59,651,N[C@H](CO)C(O)=O,,,,,,,,,,,,,,
,,,,,,,,,,,,,,,,,,,
,,,,,,,,,,,,,,,,,,,
,item,rating,,,,,,,,,,,,,,,,,
,545959,1,,,COc1cc(CC(O)=O)ccc1O,,,,,,,,,,,,,,
,,,,,,,,,,,,,,,,,,,
,,,,,,,,,,,,,,,,,,,
,,,,,,,,,,,,,,,,,,,
user,item,rating,index_item,index_user,,,,,,,,,,,,,,,
61150,15354,1,56,253,C[N+](C)(C)CCO,,,,,,,,,,,,,,
61150,4167,1,19,253,OC[C@H]1OC(O)[C@H](O)[C@@H](O)[C@@H]1O,,,,,,,,,,,,,,
61150,16467,1,21,253,N[C@@H](CCCNC(N)=N)C(O)=O,,,,,,,,,,,,,,
61150,15971,1,22,253,N[C@@H](Cc1c[nH]cn1)C(O)=O,,,,,,,,,,,,,,
61150,17115,1,25,253,N[C@@H](CO)C(O)=O,,,,,,,,,,,,,,
61150,15756,1,13,253,CCCCCCCCCCCCCCCC(O)=O,,,,,,,,,,,,,,
61150,30751,1,48,253,[H]C(O)=O,,,,,,,,,,,,,,
61150,16828,2,26,253,N[C@@H](Cc1c[nH]c2ccccc12)C(O)=O,,,,,,,,,,,,,,
61150,16919,1,57,253,CN(CC(O)=O)C(N)=N,,,,,,,,,,,,,,
61150,18050,2,33,253,N[C@@H](CCC(N)=O)C(O)=O,,,,,,,,,,,,,,
61150,17295,1,34,253,N[C@@H](Cc1ccccc1)C(O)=O,,,,,,,,,,,,,,
61150,17203,1,35,253,OC(=O)[C@@H]1CCCN1,,,,,,,,,,,,,,
,,,,,,,,,,,,,,,,,,,
,item,rating,,,,,,,,,,,,,,,,,
,17754,1,,,OCC(O)CO,,,,,,,,,,,,,,
,17268,1,,,O[C@H]1[C@H](O)[C@@H](O)[C@H](O)[C@H](O)[C@@H]1O,,,,,,,,,,,,,,
,16737,1,,,CN1CC(=O)NC1=N,,,,,,,,,,,,,,
,30769,1,,,OC(=O)CC(O)(CC(O)=O)C(O)=O,,,,,,,,,,,,,,
,16015,1,,,N[C@@H](CCC(O)=O)C(O)=O,,,,,,,,,,,,,,
,,,,,,,,,,,,,,,,,,,
,,,,,,,,,,,,,,,,,,,
,,,,,,,,,,,,,,,,,,,
user,item,rating,index_item,index_user,,,,,,,,,,,,,,,
187048,28088,1,52,1035,OC1=CC=C(C=C1)C1=COC2=C(C(O)=CC(O)=C2)C1=O,,,,,,,,,,,,,,
187048,8093,1,63,1035,CNC[C@H](O)c1cccc(O)c1,,,,,,,,,,,,,,
187048,134301,1,80,1035,OC(=O)[C@@H](CC1=CC(O)=C(O)C=C1)OC(=O)\C=C\C1=C2[C@@H]([C@H](OC2=C(O)C=C1)C1=CC(O)=C(O)C=C1)C(=O)O[C@H](CC1=CC(O)=C(O)C=C1)C(O)=O,,,,,,,,,,,,,,
,,,,,,,,,,,,,,,,,,,
,item,rating,,,,,,,,,,,,,,,,,
,15864,1,,,OC1=CC(O)=C2C(=O)C=C(OC2=C1)C1=CC=C(O)C(O)=C1,,,,,,,,,,,,,,
,,,,,,,,,,,,,,,,,,,
,,,,,,,,,,,,,,,,,,,
,,,,,,,,,,,,,,,,,,,
user,item,rating,index_item,index_user,,,,,,,,,,,,,,,
110228,16196,1,23,623,CCCCCCCC\C=C/CCCCCCCC(O)=O,,,,,,,,,,,,,,
110228,15756,1,13,623,CCCCCCCCCCCCCCCC(O)=O,,,,,,,,,,,,,,
,,,,,,,,,,,,,,,,,,,
,item,rating,,,,,,,,,,,,,,,,,
,30769,1,,,OC(=O)CC(O)(CC(O)=O)C(O)=O,,,,,,,,,,,,,,
,,,,,,,,,,,,,,,,,,,
,,,,,,,,,,,,,,,,,,,
,,,,,,,,,,,,,,,,,,,
,,,,,,,,,,,,,,,,,,,
user,item,rating,index_item,index_user,,,,,,,,,,,,,,,
186306,175901,1,86,1013,Nc1ccn([C@@H]2O[C@H](CO)[C@@H](O)C2(F)F)c(=O)n1,,,,,,,,,,,,,,
186306,15891,2,41,1013,C(CS(O)(=O)=O)N,,,,,,,,,,,,,,
186306,134301,1,80,1013,OC(=O)[C@@H](CC1=CC(O)=C(O)C=C1)OC(=O)\C=C\C1=C2[C@@H]([C@H](OC2=C(O)C=C1)C1=CC(O)=C(O)C=C1)C(=O)O[C@H](CC1=CC(O)=C(O)C=C1)C(O)=O,,,,,,,,,,,,,,
,,,,,,,,,,,,,,,,,,,
,item,rating,,,,,,,,,,,,,,,,,
,16737,1,,,CN1CC(=O)NC1=N,,,,,,,,,,,,,,
,,,,,,,,,,,,,,,,,,,
,,,,,,,,,,,,,,,,,,,
,,,,,,,,,,,,,,,,,,,
,,,,,,,,,,,,,,,,,,,
user,item,rating,index_item,index_user,,,,,,,,,,,,,,,
62842,15756,1,13,262,CCCCCCCCCCCCCCCC(O)=O,,,,,,,,,,,,,,
62842,21547,1,1,262,CC(=O)N[C@@H](CC(O)=O)C(O)=O,,,,,,,,,,,,,,
,,,,,,,,,,,,,,,,,,,
,item,rating,,,,,,,,,,,,,,,,,
,30769,1,,,OC(=O)CC(O)(CC(O)=O)C(O)=O,,,,,,,,,,,,,,
,545959,1,,,COc1cc(CC(O)=O)ccc1O,,,,,,,,,,,,,,
,,,,,,,,,,,,,,,,,,,
,,,,,,,,,,,,,,,,,,,
,,,,,,,,,,,,,,,,,,,
,,,,,,,,,,,,,,,,,,,
,,,,,,,,,,,,,,,,,,,
user,item,rating,index_item,index_user,,,,,,,,,,,,,,,
85700,28088,1,52,414,OC1=CC=C(C=C1)C1=COC2=C(C(O)=CC(O)=C2)C1=O,,,,,,,,,,,,,,
85700,38167,1,87,414,C12=C(C=C(C=C2C(C=3C=C(C=C(C3C1=O)O)OC)=O)C)O,,,,,,,,,,,,,,
85700,7772,1,101,414,,,,,,,,,,,,,,,
85700,2877,1,93,414,C(C[C@@H](C(N[C@@H](CC1=CC=CC=C1)C(=O)OC)=O)N)(=O)O,,,,,,,,,,,,,,
85700,134301,1,80,414,OC(=O)[C@@H](CC1=CC(O)=C(O)C=C1)OC(=O)\C=C\C1=C2[C@@H]([C@H](OC2=C(O)C=C1)C1=CC(O)=C(O)C=C1)C(=O)O[C@H](CC1=CC(O)=C(O)C=C1)C(O)=O,,,,,,,,,,,,,,
,,,,,,,,,,,,,,,,,,,
user,item,rating,index_item,index_user,,,,,,,,,,,,,,,
85700,18344,1,39,414,OC(=O)c1cc(O)c2ccccc2n1,,,,,,,,,,,,,,
,,,,,,,,,,,,,,,,,,,
,,,,,,,,,,,,,,,,,,,
,,,,,,,,,,,,,,,,,,,
user,item,rating,index_item,index_user,,,,,,,,,,,,,,,
37445,15971,1,22,150,N[C@@H](Cc1c[nH]cn1)C(O)=O,,,,,,,,,,,,,,
37445,17992,1,36,150,OC[C@H]1O[C@H](O[C@]2(CO)O[C@H](CO)[C@@H](O)[C@@H]2O)[C@H](O)[C@@H](O)[C@@H]1O,,,,,,,,,,,,,,
,,,,,,,,,,,,,,,,,,,
,item,rating,,,,,,,,,,,,,,,,,
,17568,1,,,O=c1cc[nH]c(=O)[nH]1,,,,,,,,,,,,,,
,,,,,,,,,,,,,,,,,,,
,,,,,,,,,,,,,,,,,,,
,,,,,,,,,,,,,,,,,,,
,,,,,,,,,,,,,,,,,,,
,,,,,,,,,,,,,,,,,,,
,,,,,,,,,,,,,,,,,,,
,,,,,,,,,,,,,,,,,,,
user,item,rating,index_item,index_user,,,,,,,,,,,,,,,
115779,175901,1,86,640,Nc1ccn([C@@H]2O[C@H](CO)[C@@H](O)C2(F)F)c(=O)n1,,,,,,,,,,,,,,
115779,16958,1,14,640,NCCC(O)=O,,,,,,,,,,,,,,
115779,15891,1,41,640,C(CS(O)(=O)=O)N,,,,,,,,,,,,,,
115779,140908,1,55,640,C1(=CC=CC=C1CN2C(N(CCC2)CC=3C(=CC=CC3)N(C)C)C=4C=CN=CC4)N(C)C,,,,,,,,,,,,,,
,,,,,,,,,,,,,,,,,,,
,item,rating,,,,,,,,,,,,,,,,,
,28177,1,,,Cn1c2nc[nH]c2c(=O)n(C)c1=O,,,,,,,,,,,,,,
,,,,,,,,,,,,,,,,,,,
,,,,,,,,,,,,,,,,,,,
,,,,,,,,,,,,,,,,,,,
user,item,rating,index_item,index_user,,,,,,,,,,,,,,,
192095,175901,1,86,1172,Nc1ccn([C@@H]2O[C@H](CO)[C@@H](O)C2(F)F)c(=O)n1,,,,,,,,,,,,,,
,,,,,,,,,,,,,,,,,,,
,item,rating,,,,,,,,,,,,,,,,,
,15864,1,,,OC1=CC(O)=C2C(=O)C=C(OC2=C1)C1=CC=C(O)C(O)=C1,,,,,,,,,,,,,,
,,,,,,,,,,,,,,,,,,,
,,,,,,,,,,,,,,,,,,,
user,item,rating,index_item,index_user,,,,,,,,,,,,,,,
181216,465284,1,71,962,Nc1nc2n(COC(CO)CO)cnc2c(=O)[nH]1,,,,,,,,,,,,,,
181216,175901,1,86,962,Nc1ccn([C@@H]2O[C@H](CO)[C@@H](O)C2(F)F)c(=O)n1,,,,,,,,,,,,,,
181216,164200,1,69,962,Oc1cc(Cl)ccc1Oc1ccc(Cl)cc1Cl,,,,,,,,,,,,,,
181216,16467,1,21,962,N[C@@H](CCCNC(N)=N)C(O)=O,,,,,,,,,,,,,,
181216,15756,1,13,962,CCCCCCCCCCCCCCCC(O)=O,,,,,,,,,,,,,,
181216,30772,1,53,962,CCCC(O)=O,,,,,,,,,,,,,,
181216,38167,1,87,962,C12=C(C=C(C=C2C(C=3C=C(C=C(C3C1=O)O)OC)=O)C)O,,,,,,,,,,,,,,
181216,15956,1,30,962,[H][C@]12CS[C@@H](CCCCC(O)=O)[C@@]1([H])NC(=O)N2,,,,,,,,,,,,,,
181216,28001,1,100,962,CN[C@H](CC(C)C)C(=O)N[C@@H]1[C@H](O)c2ccc(Oc3cc4cc(Oc5ccc(cc5Cl)[C@@H](O)[C@@H]5NC(=O)[C@H](NC(=O)[C@@H]4NC(=O)[C@H](CC(N)=O)NC1=O)c1ccc(O)c(c1)-c1c(O)cc(O)cc1[C@H](NC5=O)C(O)=O)c3O[C@@H]1O[C@H](CO)[C@@H](O)[C@H](O)[C@H]1O[C@H]1C[C@](C)(N)[C@H](O)[C@H](C)O1)c(Cl)c2,,,,,,,,,,,,,,
181216,5870,1,90,962,[O-][N+](=O)N=C1NCCN1Cc1ccc(Cl)nc1,,,,,,,,,,,,,,
181216,17688,1,64,962,[H][C@]1(CCCN1C)C1=CC=CN=C1,,,,,,,,,,,,,,
181216,17992,1,36,962,OC[C@H]1O[C@H](O[C@]2(CO)O[C@H](CO)[C@@H](O)[C@@H]2O)[C@H](O)[C@@H](O)[C@@H]1O,,,,,,,,,,,,,,
181216,27732,1,38,962,Cn1cnc2n(C)c(=O)n(C)c(=O)c12,,,,,,,,,,,,,,
181216,68641,1,95,962,[H][C@]1(CCC(=O)N1C)c1cccnc1,,,,,,,,,,,,,,
181216,8093,1,63,962,CNC[C@H](O)c1cccc(O)c1,,,,,,,,,,,,,,
181216,134355,1,92,962,C12=CC(=CC=C1C=CC(O2)=O)OC/C=C(/CCC=C(C)C)\C,,,,,,,,,,,,,,
181216,134301,7,80,962,OC(=O)[C@@H](CC1=CC(O)=C(O)C=C1)OC(=O)\C=C\C1=C2[C@@H]([C@H](OC2=C(O)C=C1)C1=CC(O)=C(O)C=C1)C(=O)O[C@H](CC1=CC(O)=C(O)C=C1)C(O)=O,,,,,,,,,,,,,,
181216,137113,1,47,962,C(=O)(OC(C)(C)C)C[C@H]1C=2N(C3=C(C(=N1)C4=CC=C(C=C4)Cl)C(=C(S3)C)C)C(=NN2)C,,,,,,,,,,,,,,
181216,140908,2,55,962,C1(=CC=CC=C1CN2C(N(CCC2)CC=3C(=CC=CC3)N(C)C)C=4C=CN=CC4)N(C)C,,,,,,,,,,,,,,
,,,,,,,,,,,,,,,,,,,
,item,rating,,,,,,,,,,,,,,,,,
,17568,1,,,O=c1cc[nH]c(=O)[nH]1,,,,,,,,,,,,,,
,16680,1,,,N[C@@H](CCSC[C@H]1O[C@H]([C@H](O)[C@@H]1O)n1cnc2c(N)ncnc12)C(O)=O,,,,,,,,,,,,,,
,15864,2,,,OC1=CC(O)=C2C(=O)C=C(OC2=C1)C1=CC=C(O)C(O)=C1,,,,,,,,,,,,,,
,,,,,,,,,,,,,,,,,,,
,,,,,,,,,,,,,,,,,,,
,,,,,,,,,,,,,,,,,,,
,,,,,,,,,,,,,,,,,,,
,,,,,,,,,,,,,,,,,,,
user,item,rating,index_item,index_user,,,,,,,,,,,,,,,
88756,72959,1,4,463,CCCCCCCCCCCCCCCC(=O)N[C@@H](CO)[C@H](O)\C=C\CCCCCCCCCCCCC,,,,,,,,,,,,,,
88756,77996,1,5,463,CCCCCCCCCCCCC\C=C\[C@@H](O)[C@H](CO)NC(=O)CCCCCCC\C=C/CCCCCCCC,,,,,,,,,,,,,,
88756,74450,1,6,463,CCCCCCCCCCCCC\C=C\[C@@H](O)[C@H](CO)NC(=O)CCCCCCCCCCCCC\C=C/CCCCCCCC,,,,,,,,,,,,,,
88756,72962,1,8,463,CCCCCCCCCCCCCCCCCCCC(=O)N[C@@H](CO)[C@H](O)\C=C\CCCCCCCCCCCCC,,,,,,,,,,,,,,
88756,72956,1,10,463,CCCCCCCCCCCCC\C=C\[C@@H](O)[C@H](CO)NC(=O)CCCCCCCCCCC,,,,,,,,,,,,,,
,,,,,,,,,,,,,,,,,,,
,item,rating,,,,,,,,,,,,,,,,,
,7936,1,,,[H][C@]1(CCNC[C@H]1COc1ccc2OCOc2c1)c1ccc(F)cc1,,,,,,,,,,,,,,
,72961,1,,,CCCCCCCCCCCCCCCCCC(=O)N[C@@H](CO)[C@H](O)\C=C\CCCCCCCCCCCCC,,,,,,,,,,,,,,
,72968,1,,,CCCCCCCCCCCCCCCCCCCCCCCCCC(=O)N[C@@H](CO)[C@H](O)\C=C\CCCCCCCCCCCCC,,,,,,,,,,,,,,
,72966,1,,,CCCCCCCCCCCCCCCCCCCCCC(=O)N[C@@H](CO)[C@H](O)\C=C\CCCCCCCCCCCCC,,,,,,,,,,,,,,
,,,,,,,,,,,,,,,,,,,
,,,,,,,,,,,,,,,,,,,
,,,,,,,,,,,,,,,,,,,
user,item,rating,index_item,index_user,,,,,,,,,,,,,,,
72141,16236,1,61,325,CCO,,,,,,,,,,,,,,
72141,16919,1,57,325,CN(CC(O)=O)C(N)=N,,,,,,,,,,,,,,
72141,21547,1,1,325,CC(=O)N[C@@H](CC(O)=O)C(O)=O,,,,,,,,,,,,,,
72141,16349,1,32,325,N[C@@H](CCCNC(N)=O)C(O)=O,,,,,,,,,,,,,,
,,,,,,,,,,,,,,,,,,,
,item,rating,,,,,,,,,,,,,,,,,
,16737,1,,,CN1CC(=O)NC1=N,,,,,,,,,,,,,,
,30769,1,,,OC(=O)CC(O)(CC(O)=O)C(O)=O,,,,,,,,,,,,,,
,,,,,,,,,,,,,,,,,,,
,,,,,,,,,,,,,,,,,,,
,,,,,,,,,,,,,,,,,,,
user,item,rating,index_item,index_user,,,,,,,,,,,,,,,
47147,15354,1,56,186,C[N+](C)(C)CCO,,,,,,,,,,,,,,
47147,29073,1,24,186,[H][C@@]1(OC(=O)C(O)=C1O)[C@@H](O)CO,,,,,,,,,,,,,,
47147,15940,1,72,186,OC(=O)c1cccnc1,,,,,,,,,,,,,,
47147,21547,1,1,186,CC(=O)N[C@@H](CC(O)=O)C(O)=O,,,,,,,,,,,,,,
47147,18050,1,33,186,N[C@@H](CCC(N)=O)C(O)=O,,,,,,,,,,,,,,
47147,17203,3,35,186,OC(=O)[C@@H]1CCCN1,,,,,,,,,,,,,,
47147,27732,1,38,186,Cn1cnc2n(C)c(=O)n(C)c(=O)c12,,,,,,,,,,,,,,
47147,68641,1,95,186,[H][C@]1(CCC(=O)N1C)c1cccnc1,,,,,,,,,,,,,,
47147,17154,1,40,186,NC(=O)c1cccnc1,,,,,,,,,,,,,,
47147,18723,1,78,186,,,,,,,,,,,,,,,
47147,15891,1,41,186,C(CS(O)(=O)=O)N,,,,,,,,,,,,,,
,,,,,,,,,,,,,,,,,,,
,item,rating,,,,,,,,,,,,,,,,,
,18344,1,,,OC(=O)c1cc(O)c2ccccc2n1,,,,,,,,,,,,,,
,28177,1,,,Cn1c2nc[nH]c2c(=O)n(C)c1=O,,,,,,,,,,,,,,
,,,,,,,,,,,,,,,,,,,
,,,,,,,,,,,,,,,,,,,
user,item,rating,index_item,index_user,,,,,,,,,,,,,,,
139375,4208,1,16,751,OC[C@H]1OC(O)[C@@H](O)[C@@H](O)[C@@H]1O,,,,,,,,,,,,,,
139375,4167,1,19,751,OC[C@H]1OC(O)[C@H](O)[C@@H](O)[C@@H]1O,,,,,,,,,,,,,,
139375,16467,1,21,751,N[C@@H](CCCNC(N)=N)C(O)=O,,,,,,,,,,,,,,
139375,17115,1,25,751,N[C@@H](CO)C(O)=O,,,,,,,,,,,,,,
139375,15756,1,13,751,CCCCCCCCCCCCCCCC(O)=O,,,,,,,,,,,,,,
139375,17992,1,36,751,OC[C@H]1O[C@H](O[C@]2(CO)O[C@H](CO)[C@@H](O)[C@@H]2O)[C@H](O)[C@@H](O)[C@@H]1O,,,,,,,,,,,,,,
139375,16134,1,66,751,[H]N([H])[H],,,,,,,,,,,,,,
,,,,,,,,,,,,,,,,,,,
,item,rating,,,,,,,,,,,,,,,,,
,17754,1,,,OCC(O)CO,,,,,,,,,,,,,,
,17568,1,,,O=c1cc[nH]c(=O)[nH]1,,,,,,,,,,,,,,
,17268,1,,,O[C@H]1[C@H](O)[C@@H](O)[C@H](O)[C@H](O)[C@@H]1O,,,,,,,,,,,,,,
,16189,1,,,[O-]S([O-])(=O)=O,,,,,,,,,,,,,,
,16680,1,,,N[C@@H](CCSC[C@H]1O[C@H]([C@H](O)[C@@H]1O)n1cnc2c(N)ncnc12)C(O)=O,,,,,,,,,,,,,,
,,,,,,,,,,,,,,,,,,,
,,,,,,,,,,,,,,,,,,,
,,,,,,,,,,,,,,,,,,,
,,,,,,,,,,,,,,,,,,,
user,item,rating,index_item,index_user,,,,,,,,,,,,,,,
181827,465284,1,71,981,Nc1nc2n(COC(CO)CO)cnc2c(=O)[nH]1,,,,,,,,,,,,,,
181827,15971,1,22,981,N[C@@H](Cc1c[nH]cn1)C(O)=O,,,,,,,,,,,,,,
181827,17115,1,25,981,N[C@@H](CO)C(O)=O,,,,,,,,,,,,,,
181827,4031,1,75,981,CC[C@@H]1NC(=O)[C@H]([C@H](O)[C@H](C)C\C=C\C)N(C)C(=O)[C@H](C(C)C)N(C)C(=O)[C@H](CC(C)C)N(C)C(=O)[C@H](CC(C)C)N(C)C(=O)[C@@H](C)NC(=O)[C@H](C)NC(=O)[C@H](CC(C)C)N(C)C(=O)[C@@H](NC(=O)[C@H](CC(C)C)N(C)C(=O)CN(C)C1=O)C(C)C,,,,,,,,,,,,,,
181827,72959,1,4,981,CCCCCCCCCCCCCCCC(=O)N[C@@H](CO)[C@H](O)\C=C\CCCCCCCCCCCCC,,,,,,,,,,,,,,
181827,77996,1,5,981,CCCCCCCCCCCCC\C=C\[C@@H](O)[C@H](CO)NC(=O)CCCCCCC\C=C/CCCCCCCC,,,,,,,,,,,,,,
181827,74450,1,6,981,CCCCCCCCCCCCC\C=C\[C@@H](O)[C@H](CO)NC(=O)CCCCCCCCCCCCC\C=C/CCCCCCCC,,,,,,,,,,,,,,
181827,72962,1,8,981,CCCCCCCCCCCCCCCCCCCC(=O)N[C@@H](CO)[C@H](O)\C=C\CCCCCCCCCCCCC,,,,,,,,,,,,,,
181827,72956,1,10,981,CCCCCCCCCCCCC\C=C\[C@@H](O)[C@H](CO)NC(=O)CCCCCCCCCCC,,,,,,,,,,,,,,
,,,,,,,,,,,,,,,,,,,
,item,rating,,,,,,,,,,,,,,,,,
,72961,1,,,CCCCCCCCCCCCCCCCCC(=O)N[C@@H](CO)[C@H](O)\C=C\CCCCCCCCCCCCC,,,,,,,,,,,,,,
,72968,1,,,CCCCCCCCCCCCCCCCCCCCCCCCCC(=O)N[C@@H](CO)[C@H](O)\C=C\CCCCCCCCCCCCC,,,,,,,,,,,,,,
,72966,1,,,CCCCCCCCCCCCCCCCCCCCCC(=O)N[C@@H](CO)[C@H](O)\C=C\CCCCCCCCCCCCC,,,,,,,,,,,,,,
,,,,,,,,,,,,,,,,,,,
,,,,,,,,,,,,,,,,,,,
user,item,rating,index_item,index_user,,,,,,,,,,,,,,,
64903,4208,1,16,279,OC[C@H]1OC(O)[C@@H](O)[C@@H](O)[C@@H]1O,,,,,,,,,,,,,,
64903,15746,1,11,279,NCCCNCCCCNCCCN,,,,,,,,,,,,,,
64903,17151,1,12,279,OC[C@H](O)[C@@H](O)[C@H](O)CO,,,,,,,,,,,,,,
64903,4167,1,19,279,OC[C@H]1OC(O)[C@H](O)[C@@H](O)[C@@H]1O,,,,,,,,,,,,,,
64903,15428,1,20,279,NCC(O)=O,,,,,,,,,,,,,,
64903,16467,1,21,279,N[C@@H](CCCNC(N)=N)C(O)=O,,,,,,,,,,,,,,
64903,15971,1,22,279,N[C@@H](Cc1c[nH]cn1)C(O)=O,,,,,,,,,,,,,,
64903,16196,1,23,279,CCCCCCCC\C=C/CCCCCCCC(O)=O,,,,,,,,,,,,,,
64903,29073,1,24,279,[H][C@@]1(OC(=O)C(O)=C1O)[C@@H](O)CO,,,,,,,,,,,,,,
64903,17115,1,25,279,N[C@@H](CO)C(O)=O,,,,,,,,,,,,,,
64903,15756,1,13,279,CCCCCCCCCCCCCCCC(O)=O,,,,,,,,,,,,,,
64903,16828,1,26,279,N[C@@H](Cc1c[nH]c2ccccc12)C(O)=O,,,,,,,,,,,,,,
64903,28061,1,27,279,OC[C@H]1O[C@H](O)[C@H](O)[C@@H](O)[C@H]1O,,,,,,,,,,,,,,
64903,18095,1,29,279,[C@H]1(C[C@@H](O)CN1)C(O)=O,,,,,,,,,,,,,,
64903,16958,1,14,279,NCCC(O)=O,,,,,,,,,,,,,,
64903,15956,1,30,279,[H][C@]12CS[C@@H](CCCCC(O)=O)[C@@]1([H])NC(=O)N2,,,,,,,,,,,,,,
64903,21547,1,1,279,CC(=O)N[C@@H](CC(O)=O)C(O)=O,,,,,,,,,,,,,,
64903,16349,1,32,279,N[C@@H](CCCNC(N)=O)C(O)=O,,,,,,,,,,,,,,
64903,18050,1,33,279,N[C@@H](CCC(N)=O)C(O)=O,,,,,,,,,,,,,,
64903,17295,1,34,279,N[C@@H](Cc1ccccc1)C(O)=O,,,,,,,,,,,,,,
64903,17203,1,35,279,OC(=O)[C@@H]1CCCN1,,,,,,,,,,,,,,
64903,17992,1,36,279,OC[C@H]1O[C@H](O[C@]2(CO)O[C@H](CO)[C@@H](O)[C@@H]2O)[C@H](O)[C@@H](O)[C@@H]1O,,,,,,,,,,,,,,
64903,27732,1,38,279,Cn1cnc2n(C)c(=O)n(C)c(=O)c12,,,,,,,,,,,,,,
64903,17154,1,40,279,NC(=O)c1cccnc1,,,,,,,,,,,,,,
64903,15891,1,41,279,C(CS(O)(=O)=O)N,,,,,,,,,,,,,,
64903,18367,1,42,279,[O-]P([O-])([O-])=O,,,,,,,,,,,,,,
,,,,,,,,,,,,,,,,,,,
,item,rating,,,,,,,,,,,,,,,,,
,17754,1,,,OCC(O)CO,,,,,,,,,,,,,,
,17568,1,,,O=c1cc[nH]c(=O)[nH]1,,,,,,,,,,,,,,
,17268,1,,,O[C@H]1[C@H](O)[C@@H](O)[C@H](O)[C@H](O)[C@@H]1O,,,,,,,,,,,,,,
,16737,1,,,CN1CC(=O)NC1=N,,,,,,,,,,,,,,
,30769,1,,,OC(=O)CC(O)(CC(O)=O)C(O)=O,,,,,,,,,,,,,,
,16015,1,,,N[C@@H](CCC(O)=O)C(O)=O,,,,,,,,,,,,,,
,16680,1,,,N[C@@H](CCSC[C@H]1O[C@H]([C@H](O)[C@@H]1O)n1cnc2c(N)ncnc12)C(O)=O,,,,,,,,,,,,,,
,18344,1,,,OC(=O)c1cc(O)c2ccccc2n1,,,,,,,,,,,,,,
,,,,,,,,,,,,,,,,,,,
,,,,,,,,,,,,,,,,,,,
,,,,,,,,,,,,,,,,,,,
user,item,rating,index_item,index_user,,,,,,,,,,,,,,,
50422,15354,1,56,202,C[N+](C)(C)CCO,,,,,,,,,,,,,,
50422,4167,1,19,202,OC[C@H]1OC(O)[C@H](O)[C@@H](O)[C@@H]1O,,,,,,,,,,,,,,
50422,30751,1,48,202,[H]C(O)=O,,,,,,,,,,,,,,
50422,16828,1,26,202,N[C@@H](Cc1c[nH]c2ccccc12)C(O)=O,,,,,,,,,,,,,,
50422,16919,1,57,202,CN(CC(O)=O)C(N)=N,,,,,,,,,,,,,,
50422,18050,1,33,202,N[C@@H](CCC(N)=O)C(O)=O,,,,,,,,,,,,,,
,,,,,,,,,,,,,,,,,,,
user,item,rating,index_item,index_user,,,,,,,,,,,,,,,
50422,16737,1,31,202,CN1CC(=O)NC1=N,,,,,,,,,,,,,,
50422,30769,1,0,202,OC(=O)CC(O)(CC(O)=O)C(O)=O,,,,,,,,,,,,,,
50422,16015,1,15,202,N[C@@H](CCC(O)=O)C(O)=O,,,,,,,,,,,,,,
,,,,,,,,,,,,,,,,,,,
,,,,,,,,,,,,,,,,,,,
user,item,rating,index_item,index_user,,,,,,,,,,,,,,,
161294,4208,1,16,854,OC[C@H]1OC(O)[C@@H](O)[C@@H](O)[C@@H]1O,,,,,,,,,,,,,,
161294,15746,1,11,854,NCCCNCCCCNCCCN,,,,,,,,,,,,,,
161294,17151,1,12,854,OC[C@H](O)[C@@H](O)[C@H](O)CO,,,,,,,,,,,,,,
161294,4167,1,19,854,OC[C@H]1OC(O)[C@H](O)[C@@H](O)[C@@H]1O,,,,,,,,,,,,,,
161294,15428,1,20,854,NCC(O)=O,,,,,,,,,,,,,,
161294,16467,1,21,854,N[C@@H](CCCNC(N)=N)C(O)=O,,,,,,,,,,,,,,
161294,15971,1,22,854,N[C@@H](Cc1c[nH]cn1)C(O)=O,,,,,,,,,,,,,,
161294,16196,1,23,854,CCCCCCCC\C=C/CCCCCCCC(O)=O,,,,,,,,,,,,,,
161294,29073,1,24,854,[H][C@@]1(OC(=O)C(O)=C1O)[C@@H](O)CO,,,,,,,,,,,,,,
161294,17115,1,25,854,N[C@@H](CO)C(O)=O,,,,,,,,,,,,,,
161294,15756,1,13,854,CCCCCCCCCCCCCCCC(O)=O,,,,,,,,,,,,,,
161294,16828,1,26,854,N[C@@H](Cc1c[nH]c2ccccc12)C(O)=O,,,,,,,,,,,,,,
161294,28061,1,27,854,OC[C@H]1O[C@H](O)[C@H](O)[C@@H](O)[C@H]1O,,,,,,,,,,,,,,
161294,18095,1,29,854,[C@H]1(C[C@@H](O)CN1)C(O)=O,,,,,,,,,,,,,,
161294,16958,1,14,854,NCCC(O)=O,,,,,,,,,,,,,,
161294,15956,1,30,854,[H][C@]12CS[C@@H](CCCCC(O)=O)[C@@]1([H])NC(=O)N2,,,,,,,,,,,,,,
161294,21547,1,1,854,CC(=O)N[C@@H](CC(O)=O)C(O)=O,,,,,,,,,,,,,,
161294,16349,1,32,854,N[C@@H](CCCNC(N)=O)C(O)=O,,,,,,,,,,,,,,
161294,18050,1,33,854,N[C@@H](CCC(N)=O)C(O)=O,,,,,,,,,,,,,,
161294,17295,1,34,854,N[C@@H](Cc1ccccc1)C(O)=O,,,,,,,,,,,,,,
161294,17203,1,35,854,OC(=O)[C@@H]1CCCN1,,,,,,,,,,,,,,
161294,17992,1,36,854,OC[C@H]1O[C@H](O[C@]2(CO)O[C@H](CO)[C@@H](O)[C@@H]2O)[C@H](O)[C@@H](O)[C@@H]1O,,,,,,,,,,,,,,
161294,27732,1,38,854,Cn1cnc2n(C)c(=O)n(C)c(=O)c12,,,,,,,,,,,,,,
161294,17154,1,40,854,NC(=O)c1cccnc1,,,,,,,,,,,,,,
161294,15891,1,41,854,C(CS(O)(=O)=O)N,,,,,,,,,,,,,,
161294,18367,1,42,854,[O-]P([O-])([O-])=O,,,,,,,,,,,,,,
,,,,,,,,,,,,,,,,,,,
,item,rating,,,,,,,,,,,,,,,,,
,17754,1,,,OCC(O)CO,,,,,,,,,,,,,,
,17568,1,,,O=c1cc[nH]c(=O)[nH]1,,,,,,,,,,,,,,
,17268,1,,,O[C@H]1[C@H](O)[C@@H](O)[C@H](O)[C@H](O)[C@@H]1O,,,,,,,,,,,,,,
,16737,1,,,CN1CC(=O)NC1=N,,,,,,,,,,,,,,
,30769,1,,,OC(=O)CC(O)(CC(O)=O)C(O)=O,,,,,,,,,,,,,,
,16015,1,,,N[C@@H](CCC(O)=O)C(O)=O,,,,,,,,,,,,,,
,16680,1,,,N[C@@H](CCSC[C@H]1O[C@H]([C@H](O)[C@@H]1O)n1cnc2c(N)ncnc12)C(O)=O,,,,,,,,,,,,,,
,18344,1,,,OC(=O)c1cc(O)c2ccccc2n1,,,,,,,,,,,,,,
,,,,,,,,,,,,,,,,,,,
,,,,,,,,,,,,,,,,,,,
,,,,,,,,,,,,,,,,,,,
,,,,,,,,,,,,,,,,,,,
user,item,rating,index_item,index_user,,,,,,,,,,,,,,,
116026,4208,1,16,641,OC[C@H]1OC(O)[C@@H](O)[C@@H](O)[C@@H]1O,,,,,,,,,,,,,,
116026,17151,1,12,641,OC[C@H](O)[C@@H](O)[C@H](O)CO,,,,,,,,,,,,,,
116026,4167,1,19,641,OC[C@H]1OC(O)[C@H](O)[C@@H](O)[C@@H]1O,,,,,,,,,,,,,,
116026,15428,1,20,641,NCC(O)=O,,,,,,,,,,,,,,
116026,28061,1,27,641,OC[C@H]1O[C@H](O)[C@H](O)[C@@H](O)[C@H]1O,,,,,,,,,,,,,,
,,,,,,,,,,,,,,,,,,,
user,item,rating,index_item,index_user,,,,,,,,,,,,,,,
116026,17754,1,17,641,OCC(O)CO,,,,,,,,,,,,,,
116026,17568,1,18,641,O=c1cc[nH]c(=O)[nH]1,,,,,,,,,,,,,,
116026,17268,1,28,641,O[C@H]1[C@H](O)[C@@H](O)[C@H](O)[C@H](O)[C@@H]1O,,,,,,,,,,,,,,
116026,16015,1,15,641,N[C@@H](CCC(O)=O)C(O)=O,,,,,,,,,,,,,,
,,,,,,,,,,,,,,,,,,,
,,,,,,,,,,,,,,,,,,,
,,,,,,,,,,,,,,,,,,,
user,item,rating,index_item,index_user,,,,,,,,,,,,,,,
28631,4208,1,16,112,OC[C@H]1OC(O)[C@@H](O)[C@@H](O)[C@@H]1O,,,,,,,,,,,,,,
28631,15746,1,11,112,NCCCNCCCCNCCCN,,,,,,,,,,,,,,
28631,17151,1,12,112,OC[C@H](O)[C@@H](O)[C@H](O)CO,,,,,,,,,,,,,,
28631,4167,1,19,112,OC[C@H]1OC(O)[C@H](O)[C@@H](O)[C@@H]1O,,,,,,,,,,,,,,
28631,15428,1,20,112,NCC(O)=O,,,,,,,,,,,,,,
28631,16467,1,21,112,N[C@@H](CCCNC(N)=N)C(O)=O,,,,,,,,,,,,,,
28631,15971,1,22,112,N[C@@H](Cc1c[nH]cn1)C(O)=O,,,,,,,,,,,,,,
28631,16196,1,23,112,CCCCCCCC\C=C/CCCCCCCC(O)=O,,,,,,,,,,,,,,
28631,29073,1,24,112,[H][C@@]1(OC(=O)C(O)=C1O)[C@@H](O)CO,,,,,,,,,,,,,,
28631,17115,1,25,112,N[C@@H](CO)C(O)=O,,,,,,,,,,,,,,
28631,15756,1,13,112,CCCCCCCCCCCCCCCC(O)=O,,,,,,,,,,,,,,
28631,16828,1,26,112,N[C@@H](Cc1c[nH]c2ccccc12)C(O)=O,,,,,,,,,,,,,,
28631,28061,1,27,112,OC[C@H]1O[C@H](O)[C@H](O)[C@@H](O)[C@H]1O,,,,,,,,,,,,,,
28631,18095,1,29,112,[C@H]1(C[C@@H](O)CN1)C(O)=O,,,,,,,,,,,,,,
28631,16958,1,14,112,NCCC(O)=O,,,,,,,,,,,,,,
28631,15956,1,30,112,[H][C@]12CS[C@@H](CCCCC(O)=O)[C@@]1([H])NC(=O)N2,,,,,,,,,,,,,,
28631,21547,1,1,112,CC(=O)N[C@@H](CC(O)=O)C(O)=O,,,,,,,,,,,,,,
28631,16349,1,32,112,N[C@@H](CCCNC(N)=O)C(O)=O,,,,,,,,,,,,,,
28631,18050,1,33,112,N[C@@H](CCC(N)=O)C(O)=O,,,,,,,,,,,,,,
28631,17295,1,34,112,N[C@@H](Cc1ccccc1)C(O)=O,,,,,,,,,,,,,,
28631,17203,1,35,112,OC(=O)[C@@H]1CCCN1,,,,,,,,,,,,,,
28631,17992,1,36,112,OC[C@H]1O[C@H](O[C@]2(CO)O[C@H](CO)[C@@H](O)[C@@H]2O)[C@H](O)[C@@H](O)[C@@H]1O,,,,,,,,,,,,,,
28631,27732,1,38,112,Cn1cnc2n(C)c(=O)n(C)c(=O)c12,,,,,,,,,,,,,,
28631,17154,1,40,112,NC(=O)c1cccnc1,,,,,,,,,,,,,,
28631,15891,1,41,112,C(CS(O)(=O)=O)N,,,,,,,,,,,,,,
28631,18367,1,42,112,[O-]P([O-])([O-])=O,,,,,,,,,,,,,,
,,,,,,,,,,,,,,,,,,,
,item,rating,,,,,,,,,,,,,,,,,
,17754,1,,,OCC(O)CO,,,,,,,,,,,,,,
,17568,1,,,O=c1cc[nH]c(=O)[nH]1,,,,,,,,,,,,,,
,17268,1,,,O[C@H]1[C@H](O)[C@@H](O)[C@H](O)[C@H](O)[C@@H]1O,,,,,,,,,,,,,,
,16737,1,,,CN1CC(=O)NC1=N,,,,,,,,,,,,,,
,30769,1,,,OC(=O)CC(O)(CC(O)=O)C(O)=O,,,,,,,,,,,,,,
,16015,1,,,N[C@@H](CCC(O)=O)C(O)=O,,,,,,,,,,,,,,
,16680,1,,,N[C@@H](CCSC[C@H]1O[C@H]([C@H](O)[C@@H]1O)n1cnc2c(N)ncnc12)C(O)=O,,,,,,,,,,,,,,
,18344,1,,,OC(=O)c1cc(O)c2ccccc2n1,,,,,,,,,,,,,,
,,,,,,,,,,,,,,,,,,,
,,,,,,,,,,,,,,,,,,,
,,,,,,,,,,,,,,,,,,,
,,,,,,,,,,,,,,,,,,,
,,,,,,,,,,,,,,,,,,,
,,,,,,,,,,,,,,,,,,,
,,,,,,,,,,,,,,,,,,,
user,item,rating,index_item,index_user,,,,,,,,,,,,,,,
117870,72959,1,4,645,CCCCCCCCCCCCCCCC(=O)N[C@@H](CO)[C@H](O)\C=C\CCCCCCCCCCCCC,,,,,,,,,,,,,,
117870,77996,1,5,645,CCCCCCCCCCCCC\C=C\[C@@H](O)[C@H](CO)NC(=O)CCCCCCC\C=C/CCCCCCCC,,,,,,,,,,,,,,
117870,74450,1,6,645,CCCCCCCCCCCCC\C=C\[C@@H](O)[C@H](CO)NC(=O)CCCCCCCCCCCCC\C=C/CCCCCCCC,,,,,,,,,,,,,,
117870,72962,1,8,645,CCCCCCCCCCCCCCCCCCCC(=O)N[C@@H](CO)[C@H](O)\C=C\CCCCCCCCCCCCC,,,,,,,,,,,,,,
117870,72956,1,10,645,CCCCCCCCCCCCC\C=C\[C@@H](O)[C@H](CO)NC(=O)CCCCCCCCCCC,,,,,,,,,,,,,,
,,,,,,,,,,,,,,,,,,,
,item,rating,,,,,,,,,,,,,,,,,
,37550,1,,,CCCCCCCCCCCCC\C=C\[C@@H](O)[C@@H](N)COP(O)(O)=O,,,,,,,,,,,,,,
,72961,1,,,CCCCCCCCCCCCCCCCCC(=O)N[C@@H](CO)[C@H](O)\C=C\CCCCCCCCCCCCC,,,,,,,,,,,,,,
,76591,1,,,C[C@@H](CO)CCC[C@@H](C)[C@H]1CC[C@H]2[C@@H]3CC=C4C[C@@H](O)CC[C@]4(C)[C@H]3CC[C@]12C,,,,,,,,,,,,,,
,72968,1,,,CCCCCCCCCCCCCCCCCCCCCCCCCC(=O)N[C@@H](CO)[C@H](O)\C=C\CCCCCCCCCCCCC,,,,,,,,,,,,,,
,72966,1,,,CCCCCCCCCCCCCCCCCCCCCC(=O)N[C@@H](CO)[C@H](O)\C=C\CCCCCCCCCCCCC,,,,,,,,,,,,,,
,,,,,,,,,,,,,,,,,,,
,,,,,,,,,,,,,,,,,,,
,,,,,,,,,,,,,,,,,,,
,,,,,,,,,,,,,,,,,,,
,,,,,,,,,,,,,,,,,,,
user,item,rating,index_item,index_user,,,,,,,,,,,,,,,
123690,4208,1,16,681,OC[C@H]1OC(O)[C@@H](O)[C@@H](O)[C@@H]1O,,,,,,,,,,,,,,
123690,4167,1,19,681,OC[C@H]1OC(O)[C@H](O)[C@@H](O)[C@@H]1O,,,,,,,,,,,,,,
123690,16467,1,21,681,N[C@@H](CCCNC(N)=N)C(O)=O,,,,,,,,,,,,,,
123690,17115,1,25,681,N[C@@H](CO)C(O)=O,,,,,,,,,,,,,,
123690,15756,1,13,681,CCCCCCCCCCCCCCCC(O)=O,,,,,,,,,,,,,,
123690,17992,1,36,681,OC[C@H]1O[C@H](O[C@]2(CO)O[C@H](CO)[C@@H](O)[C@@H]2O)[C@H](O)[C@@H](O)[C@@H]1O,,,,,,,,,,,,,,
123690,16134,1,66,681,[H]N([H])[H],,,,,,,,,,,,,,
,,,,,,,,,,,,,,,,,,,
,item,rating,,,,,,,,,,,,,,,,,
,17754,1,,,OCC(O)CO,,,,,,,,,,,,,,
,17568,1,,,O=c1cc[nH]c(=O)[nH]1,,,,,,,,,,,,,,
,17268,1,,,O[C@H]1[C@H](O)[C@@H](O)[C@H](O)[C@H](O)[C@@H]1O,,,,,,,,,,,,,,
,16189,1,,,[O-]S([O-])(=O)=O,,,,,,,,,,,,,,
,16680,1,,,N[C@@H](CCSC[C@H]1O[C@H]([C@H](O)[C@@H]1O)n1cnc2c(N)ncnc12)C(O)=O,,,,,,,,,,,,,,
,,,,,,,,,,,,,,,,,,,
,,,,,,,,,,,,,,,,,,,
,,,,,,,,,,,,,,,,,,,
,,,,,,,,,,,,,,,,,,,
,,,,,,,,,,,,,,,,,,,
user,item,rating,index_item,index_user,,,,,,,,,,,,,,,
138103,72959,1,4,748,CCCCCCCCCCCCCCCC(=O)N[C@@H](CO)[C@H](O)\C=C\CCCCCCCCCCCCC,,,,,,,,,,,,,,
138103,76591,1,46,748,C[C@@H](CO)CCC[C@@H](C)[C@H]1CC[C@H]2[C@@H]3CC=C4C[C@@H](O)CC[C@]4(C)[C@H]3CC[C@]12C,,,,,,,,,,,,,,
138103,77996,1,5,748,CCCCCCCCCCCCC\C=C\[C@@H](O)[C@H](CO)NC(=O)CCCCCCC\C=C/CCCCCCCC,,,,,,,,,,,,,,
138103,74450,1,6,748,CCCCCCCCCCCCC\C=C\[C@@H](O)[C@H](CO)NC(=O)CCCCCCCCCCCCC\C=C/CCCCCCCC,,,,,,,,,,,,,,
138103,72962,1,8,748,CCCCCCCCCCCCCCCCCCCC(=O)N[C@@H](CO)[C@H](O)\C=C\CCCCCCCCCCCCC,,,,,,,,,,,,,,
138103,72956,1,10,748,CCCCCCCCCCCCC\C=C\[C@@H](O)[C@H](CO)NC(=O)CCCCCCCCCCC,,,,,,,,,,,,,,
,,,,,,,,,,,,,,,,,,,
,item,rating,,,,,,,,,,,,,,,,,
,37550,1,,,CCCCCCCCCCCCC\C=C\[C@@H](O)[C@@H](N)COP(O)(O)=O,,,,,,,,,,,,,,
,72961,1,,,CCCCCCCCCCCCCCCCCC(=O)N[C@@H](CO)[C@H](O)\C=C\CCCCCCCCCCCCC,,,,,,,,,,,,,,
,76591,1,,,C[C@@H](CO)CCC[C@@H](C)[C@H]1CC[C@H]2[C@@H]3CC=C4C[C@@H](O)CC[C@]4(C)[C@H]3CC[C@]12C,,,,,,,,,,,,,,
,72968,1,,,CCCCCCCCCCCCCCCCCCCCCCCCCC(=O)N[C@@H](CO)[C@H](O)\C=C\CCCCCCCCCCCCC,,,,,,,,,,,,,,
,72966,1,,,CCCCCCCCCCCCCCCCCCCCCC(=O)N[C@@H](CO)[C@H](O)\C=C\CCCCCCCCCCCCC,,,,,,,,,,,,,,
,,,,,,,,,,,,,,,,,,,
,,,,,,,,,,,,,,,,,,,
,,,,,,,,,,,,,,,,,,,
user,item,rating,index_item,index_user,,,,,,,,,,,,,,,
189586,16467,1,21,1094,N[C@@H](CCCNC(N)=N)C(O)=O,,,,,,,,,,,,,,
189586,15971,1,22,1094,N[C@@H](Cc1c[nH]cn1)C(O)=O,,,,,,,,,,,,,,
189586,17115,1,25,1094,N[C@@H](CO)C(O)=O,,,,,,,,,,,,,,
189586,15756,1,13,1094,CCCCCCCCCCCCCCCC(O)=O,,,,,,,,,,,,,,
189586,16828,1,26,1094,N[C@@H](Cc1c[nH]c2ccccc12)C(O)=O,,,,,,,,,,,,,,
189586,18050,1,33,1094,N[C@@H](CCC(N)=O)C(O)=O,,,,,,,,,,,,,,
189586,17295,1,34,1094,N[C@@H](Cc1ccccc1)C(O)=O,,,,,,,,,,,,,,
189586,17203,1,35,1094,OC(=O)[C@@H]1CCCN1,,,,,,,,,,,,,,
,,,,,,,,,,,,,,,,,,,
,item,rating,,,,,,,,,,,,,,,,,
,17754,1,,,OCC(O)CO,,,,,,,,,,,,,,
,17268,1,,,O[C@H]1[C@H](O)[C@@H](O)[C@H](O)[C@H](O)[C@@H]1O,,,,,,,,,,,,,,
,37550,1,,,CCCCCCCCCCCCC\C=C\[C@@H](O)[C@@H](N)COP(O)(O)=O,,,,,,,,,,,,,,
,,,,,,,,,,,,,,,,,,,
,,,,,,,,,,,,,,,,,,,
,,,,,,,,,,,,,,,,,,,
user,item,rating,index_item,index_user,,,,,,,,,,,,,,,
79669,72959,1,4,392,CCCCCCCCCCCCCCCC(=O)N[C@@H](CO)[C@H](O)\C=C\CCCCCCCCCCCCC,,,,,,,,,,,,,,
79669,77996,1,5,392,CCCCCCCCCCCCC\C=C\[C@@H](O)[C@H](CO)NC(=O)CCCCCCC\C=C/CCCCCCCC,,,,,,,,,,,,,,
79669,74450,1,6,392,CCCCCCCCCCCCC\C=C\[C@@H](O)[C@H](CO)NC(=O)CCCCCCCCCCCCC\C=C/CCCCCCCC,,,,,,,,,,,,,,
79669,72962,1,8,392,CCCCCCCCCCCCCCCCCCCC(=O)N[C@@H](CO)[C@H](O)\C=C\CCCCCCCCCCCCC,,,,,,,,,,,,,,
79669,72956,1,10,392,CCCCCCCCCCCCC\C=C\[C@@H](O)[C@H](CO)NC(=O)CCCCCCCCCCC,,,,,,,,,,,,,,
,,,,,,,,,,,,,,,,,,,
,item,rating,,,,,,,,,,,,,,,,,
,37550,1,,,CCCCCCCCCCCCC\C=C\[C@@H](O)[C@@H](N)COP(O)(O)=O,,,,,,,,,,,,,,
,72961,1,,,CCCCCCCCCCCCCCCCCC(=O)N[C@@H](CO)[C@H](O)\C=C\CCCCCCCCCCCCC,,,,,,,,,,,,,,
,76591,1,,,C[C@@H](CO)CCC[C@@H](C)[C@H]1CC[C@H]2[C@@H]3CC=C4C[C@@H](O)CC[C@]4(C)[C@H]3CC[C@]12C,,,,,,,,,,,,,,
,72968,1,,,CCCCCCCCCCCCCCCCCCCCCCCCCC(=O)N[C@@H](CO)[C@H](O)\C=C\CCCCCCCCCCCCC,,,,,,,,,,,,,,
,72966,1,,,CCCCCCCCCCCCCCCCCCCCCC(=O)N[C@@H](CO)[C@H](O)\C=C\CCCCCCCCCCCCC,,,,,,,,,,,,,,
,,,,,,,,,,,,,,,,,,,
,,,,,,,,,,,,,,,,,,,
,,,,,,,,,,,,,,,,,,,
,,,,,,,,,,,,,,,,,,,
user,item,rating,index_item,index_user,,,,,,,,,,,,,,,
164765,6402,1,94,870,Cc1oncc1C(=O)Nc1ccc(cc1)C(F)(F)F,,,,,,,,,,,,,,
164765,2877,1,93,870,C(C[C@@H](C(N[C@@H](CC1=CC=CC=C1)C(=O)OC)=O)N)(=O)O,,,,,,,,,,,,,,
164765,6872,1,89,870,[Cl-].CN(C)c1ccc2nc3ccc(cc3[s+]c2c1)N(C)C,,,,,,,,,,,,,,
164765,140908,1,55,870,C1(=CC=CC=C1CN2C(N(CCC2)CC=3C(=CC=CC3)N(C)C)C=4C=CN=CC4)N(C)C,,,,,,,,,,,,,,
,,,,,,,,,,,,,,,,,,,
,item,rating,,,,,,,,,,,,,,,,,
,16680,1,,,N[C@@H](CCSC[C@H]1O[C@H]([C@H](O)[C@@H]1O)n1cnc2c(N)ncnc12)C(O)=O,,,,,,,,,,,,,,
,17579,1,,,CC(\C=C\C=C(C)\C=C\C1=C(C)CCCC1(C)C)=C/C=C/C=C(C)/C=C/C=C(C)/C=C/C1=C(C)CCCC1(C)C,,,,,,,,,,,,,,
,,,,,,,,,,,,,,,,,,,
,,,,,,,,,,,,,,,,,,,
,,,,,,,,,,,,,,,,,,,
user,item,rating,index_item,index_user,,,,,,,,,,,,,,,
81383,4208,1,16,397,OC[C@H]1OC(O)[C@@H](O)[C@@H](O)[C@@H]1O,,,,,,,,,,,,,,
81383,15746,1,11,397,NCCCNCCCCNCCCN,,,,,,,,,,,,,,
81383,17151,1,12,397,OC[C@H](O)[C@@H](O)[C@H](O)CO,,,,,,,,,,,,,,
81383,4167,1,19,397,OC[C@H]1OC(O)[C@H](O)[C@@H](O)[C@@H]1O,,,,,,,,,,,,,,
81383,15428,1,20,397,NCC(O)=O,,,,,,,,,,,,,,
81383,16467,1,21,397,N[C@@H](CCCNC(N)=N)C(O)=O,,,,,,,,,,,,,,
81383,15971,1,22,397,N[C@@H](Cc1c[nH]cn1)C(O)=O,,,,,,,,,,,,,,
81383,16196,1,23,397,CCCCCCCC\C=C/CCCCCCCC(O)=O,,,,,,,,,,,,,,
81383,29073,1,24,397,[H][C@@]1(OC(=O)C(O)=C1O)[C@@H](O)CO,,,,,,,,,,,,,,
81383,17115,1,25,397,N[C@@H](CO)C(O)=O,,,,,,,,,,,,,,
81383,15756,1,13,397,CCCCCCCCCCCCCCCC(O)=O,,,,,,,,,,,,,,
81383,16828,1,26,397,N[C@@H](Cc1c[nH]c2ccccc12)C(O)=O,,,,,,,,,,,,,,
81383,28061,1,27,397,OC[C@H]1O[C@H](O)[C@H](O)[C@@H](O)[C@H]1O,,,,,,,,,,,,,,
81383,18095,1,29,397,[C@H]1(C[C@@H](O)CN1)C(O)=O,,,,,,,,,,,,,,
81383,16958,1,14,397,NCCC(O)=O,,,,,,,,,,,,,,
81383,15956,1,30,397,[H][C@]12CS[C@@H](CCCCC(O)=O)[C@@]1([H])NC(=O)N2,,,,,,,,,,,,,,
81383,21547,1,1,397,CC(=O)N[C@@H](CC(O)=O)C(O)=O,,,,,,,,,,,,,,
81383,16349,1,32,397,N[C@@H](CCCNC(N)=O)C(O)=O,,,,,,,,,,,,,,
81383,18050,1,33,397,N[C@@H](CCC(N)=O)C(O)=O,,,,,,,,,,,,,,
81383,17295,1,34,397,N[C@@H](Cc1ccccc1)C(O)=O,,,,,,,,,,,,,,
81383,17203,1,35,397,OC(=O)[C@@H]1CCCN1,,,,,,,,,,,,,,
81383,17992,1,36,397,OC[C@H]1O[C@H](O[C@]2(CO)O[C@H](CO)[C@@H](O)[C@@H]2O)[C@H](O)[C@@H](O)[C@@H]1O,,,,,,,,,,,,,,
81383,27732,1,38,397,Cn1cnc2n(C)c(=O)n(C)c(=O)c12,,,,,,,,,,,,,,
81383,17154,1,40,397,NC(=O)c1cccnc1,,,,,,,,,,,,,,
81383,15891,1,41,397,C(CS(O)(=O)=O)N,,,,,,,,,,,,,,
81383,18367,1,42,397,[O-]P([O-])([O-])=O,,,,,,,,,,,,,,
,,,,,,,,,,,,,,,,,,,
,item,rating,,,,,,,,,,,,,,,,,
,17754,1,,,OCC(O)CO,,,,,,,,,,,,,,
,17568,1,,,O=c1cc[nH]c(=O)[nH]1,,,,,,,,,,,,,,
,17268,1,,,O[C@H]1[C@H](O)[C@@H](O)[C@H](O)[C@H](O)[C@@H]1O,,,,,,,,,,,,,,
,16737,1,,,CN1CC(=O)NC1=N,,,,,,,,,,,,,,
,30769,1,,,OC(=O)CC(O)(CC(O)=O)C(O)=O,,,,,,,,,,,,,,
,16015,1,,,N[C@@H](CCC(O)=O)C(O)=O,,,,,,,,,,,,,,
,16680,1,,,N[C@@H](CCSC[C@H]1O[C@H]([C@H](O)[C@@H]1O)n1cnc2c(N)ncnc12)C(O)=O,,,,,,,,,,,,,,
,18344,1,,,OC(=O)c1cc(O)c2ccccc2n1,,,,,,,,,,,,,,
,,,,,,,,,,,,,,,,,,,
,,,,,,,,,,,,,,,,,,,
,,,,,,,,,,,,,,,,,,,
,,,,,,,,,,,,,,,,,,,
,,,,,,,,,,,,,,,,,,,
,,,,,,,,,,,,,,,,,,,
user,item,rating,index_item,index_user,,,,,,,,,,,,,,,
116167,15354,1,56,642,C[N+](C)(C)CCO,,,,,,,,,,,,,,
116167,4167,1,19,642,OC[C@H]1OC(O)[C@H](O)[C@@H](O)[C@@H]1O,,,,,,,,,,,,,,
116167,30751,1,48,642,[H]C(O)=O,,,,,,,,,,,,,,
116167,16828,1,26,642,N[C@@H](Cc1c[nH]c2ccccc12)C(O)=O,,,,,,,,,,,,,,
116167,16919,1,57,642,CN(CC(O)=O)C(N)=N,,,,,,,,,,,,,,
116167,18050,1,33,642,N[C@@H](CCC(N)=O)C(O)=O,,,,,,,,,,,,,,
,,,,,,,,,,,,,,,,,,,
,item,rating,,,,,,,,,,,,,,,,,
,16737,1,,,CN1CC(=O)NC1=N,,,,,,,,,,,,,,
,30769,1,,,OC(=O)CC(O)(CC(O)=O)C(O)=O,,,,,,,,,,,,,,
,16015,1,,,N[C@@H](CCC(O)=O)C(O)=O,,,,,,,,,,,,,,
,,,,,,,,,,,,,,,,,,,
,,,,,,,,,,,,,,,,,,,
user,item,rating,index_item,index_user,,,,,,,,,,,,,,,
131166,4208,1,16,725,OC[C@H]1OC(O)[C@@H](O)[C@@H](O)[C@@H]1O,,,,,,,,,,,,,,
131166,15746,1,11,725,NCCCNCCCCNCCCN,,,,,,,,,,,,,,
131166,17151,1,12,725,OC[C@H](O)[C@@H](O)[C@H](O)CO,,,,,,,,,,,,,,
131166,4167,1,19,725,OC[C@H]1OC(O)[C@H](O)[C@@H](O)[C@@H]1O,,,,,,,,,,,,,,
131166,15428,1,20,725,NCC(O)=O,,,,,,,,,,,,,,
131166,16467,1,21,725,N[C@@H](CCCNC(N)=N)C(O)=O,,,,,,,,,,,,,,
131166,15971,1,22,725,N[C@@H](Cc1c[nH]cn1)C(O)=O,,,,,,,,,,,,,,
131166,16196,1,23,725,CCCCCCCC\C=C/CCCCCCCC(O)=O,,,,,,,,,,,,,,
131166,29073,1,24,725,[H][C@@]1(OC(=O)C(O)=C1O)[C@@H](O)CO,,,,,,,,,,,,,,
131166,17115,1,25,725,N[C@@H](CO)C(O)=O,,,,,,,,,,,,,,
131166,15756,1,13,725,CCCCCCCCCCCCCCCC(O)=O,,,,,,,,,,,,,,
131166,16828,1,26,725,N[C@@H](Cc1c[nH]c2ccccc12)C(O)=O,,,,,,,,,,,,,,
131166,28061,1,27,725,OC[C@H]1O[C@H](O)[C@H](O)[C@@H](O)[C@H]1O,,,,,,,,,,,,,,
131166,18095,1,29,725,[C@H]1(C[C@@H](O)CN1)C(O)=O,,,,,,,,,,,,,,
131166,16958,1,14,725,NCCC(O)=O,,,,,,,,,,,,,,
131166,15956,1,30,725,[H][C@]12CS[C@@H](CCCCC(O)=O)[C@@]1([H])NC(=O)N2,,,,,,,,,,,,,,
131166,21547,1,1,725,CC(=O)N[C@@H](CC(O)=O)C(O)=O,,,,,,,,,,,,,,
131166,16349,1,32,725,N[C@@H](CCCNC(N)=O)C(O)=O,,,,,,,,,,,,,,
131166,16015,1,15,725,N[C@@H](CCC(O)=O)C(O)=O,,,,,,,,,,,,,,
131166,18050,1,33,725,N[C@@H](CCC(N)=O)C(O)=O,,,,,,,,,,,,,,
131166,17295,1,34,725,N[C@@H](Cc1ccccc1)C(O)=O,,,,,,,,,,,,,,
131166,17203,1,35,725,OC(=O)[C@@H]1CCCN1,,,,,,,,,,,,,,
131166,17992,1,36,725,OC[C@H]1O[C@H](O[C@]2(CO)O[C@H](CO)[C@@H](O)[C@@H]2O)[C@H](O)[C@@H](O)[C@@H]1O,,,,,,,,,,,,,,
131166,27732,1,38,725,Cn1cnc2n(C)c(=O)n(C)c(=O)c12,,,,,,,,,,,,,,
131166,17154,1,40,725,NC(=O)c1cccnc1,,,,,,,,,,,,,,
131166,15891,1,41,725,C(CS(O)(=O)=O)N,,,,,,,,,,,,,,
131166,18367,1,42,725,[O-]P([O-])([O-])=O,,,,,,,,,,,,,,
,,,,,,,,,,,,,,,,,,,
,item,rating,,,,,,,,,,,,,,,,,
,17754,1,,,OCC(O)CO,,,,,,,,,,,,,,
,17568,1,,,O=c1cc[nH]c(=O)[nH]1,,,,,,,,,,,,,,
,17268,1,,,O[C@H]1[C@H](O)[C@@H](O)[C@H](O)[C@H](O)[C@@H]1O,,,,,,,,,,,,,,
,16737,1,,,CN1CC(=O)NC1=N,,,,,,,,,,,,,,
,30769,1,,,OC(=O)CC(O)(CC(O)=O)C(O)=O,,,,,,,,,,,,,,
,16015,1,,,N[C@@H](CCC(O)=O)C(O)=O,,,,,,,,,,,,,,
,16680,1,,,N[C@@H](CCSC[C@H]1O[C@H]([C@H](O)[C@@H]1O)n1cnc2c(N)ncnc12)C(O)=O,,,,,,,,,,,,,,
,18344,1,,,OC(=O)c1cc(O)c2ccccc2n1,,,,,,,,,,,,,,
,,,,,,,,,,,,,,,,,,,
,,,,,,,,,,,,,,,,,,,
,,,,,,,,,,,,,,,,,,,
user,item,rating,index_item,index_user,,,,,,,,,,,,,,,
84263,72959,1,4,406,CCCCCCCCCCCCCCCC(=O)N[C@@H](CO)[C@H](O)\C=C\CCCCCCCCCCCCC,,,,,,,,,,,,,,
84263,77996,1,5,406,CCCCCCCCCCCCC\C=C\[C@@H](O)[C@H](CO)NC(=O)CCCCCCC\C=C/CCCCCCCC,,,,,,,,,,,,,,
84263,74450,1,6,406,CCCCCCCCCCCCC\C=C\[C@@H](O)[C@H](CO)NC(=O)CCCCCCCCCCCCC\C=C/CCCCCCCC,,,,,,,,,,,,,,
84263,72962,1,8,406,CCCCCCCCCCCCCCCCCCCC(=O)N[C@@H](CO)[C@H](O)\C=C\CCCCCCCCCCCCC,,,,,,,,,,,,,,
84263,72956,1,10,406,CCCCCCCCCCCCC\C=C\[C@@H](O)[C@H](CO)NC(=O)CCCCCCCCCCC,,,,,,,,,,,,,,
,,,,,,,,,,,,,,,,,,,
,item,rating,,,,,,,,,,,,,,,,,
,37550,1,,,CCCCCCCCCCCCC\C=C\[C@@H](O)[C@@H](N)COP(O)(O)=O,,,,,,,,,,,,,,
,72961,1,,,CCCCCCCCCCCCCCCCCC(=O)N[C@@H](CO)[C@H](O)\C=C\CCCCCCCCCCCCC,,,,,,,,,,,,,,
,76591,1,,,C[C@@H](CO)CCC[C@@H](C)[C@H]1CC[C@H]2[C@@H]3CC=C4C[C@@H](O)CC[C@]4(C)[C@H]3CC[C@]12C,,,,,,,,,,,,,,
,72968,1,,,CCCCCCCCCCCCCCCCCCCCCCCCCC(=O)N[C@@H](CO)[C@H](O)\C=C\CCCCCCCCCCCCC,,,,,,,,,,,,,,
,72966,1,,,CCCCCCCCCCCCCCCCCCCCCC(=O)N[C@@H](CO)[C@H](O)\C=C\CCCCCCCCCCCCC,,,,,,,,,,,,,,
,,,,,,,,,,,,,,,,,,,
,,,,,,,,,,,,,,,,,,,
,,,,,,,,,,,,,,,,,,,
,,,,,,,,,,,,,,,,,,,
user,item,rating,index_item,index_user,,,,,,,,,,,,,,,
118293,72959,1,4,647,CCCCCCCCCCCCCCCC(=O)N[C@@H](CO)[C@H](O)\C=C\CCCCCCCCCCCCC,,,,,,,,,,,,,,
118293,77996,1,5,647,CCCCCCCCCCCCC\C=C\[C@@H](O)[C@H](CO)NC(=O)CCCCCCC\C=C/CCCCCCCC,,,,,,,,,,,,,,
118293,74450,1,6,647,CCCCCCCCCCCCC\C=C\[C@@H](O)[C@H](CO)NC(=O)CCCCCCCCCCCCC\C=C/CCCCCCCC,,,,,,,,,,,,,,
118293,72962,1,8,647,CCCCCCCCCCCCCCCCCCCC(=O)N[C@@H](CO)[C@H](O)\C=C\CCCCCCCCCCCCC,,,,,,,,,,,,,,
118293,72956,1,10,647,CCCCCCCCCCCCC\C=C\[C@@H](O)[C@H](CO)NC(=O)CCCCCCCCCCC,,,,,,,,,,,,,,
,,,,,,,,,,,,,,,,,,,
user,item,rating,index_item,index_user,,,,,,,,,,,,,,,
118293,37550,1,50,647,CCCCCCCCCCCCC\C=C\[C@@H](O)[C@@H](N)COP(O)(O)=O,,,,,,,,,,,,,,
118293,72961,1,3,647,CCCCCCCCCCCCCCCCCC(=O)N[C@@H](CO)[C@H](O)\C=C\CCCCCCCCCCCCC,,,,,,,,,,,,,,
118293,76591,1,46,647,C[C@@H](CO)CCC[C@@H](C)[C@H]1CC[C@H]2[C@@H]3CC=C4C[C@@H](O)CC[C@]4(C)[C@H]3CC[C@]12C,,,,,,,,,,,,,,
118293,72968,1,7,647,CCCCCCCCCCCCCCCCCCCCCCCCCC(=O)N[C@@H](CO)[C@H](O)\C=C\CCCCCCCCCCCCC,,,,,,,,,,,,,,
118293,72966,1,9,647,CCCCCCCCCCCCCCCCCCCCCC(=O)N[C@@H](CO)[C@H](O)\C=C\CCCCCCCCCCCCC,,,,,,,,,,,,,,
,,,,,,,,,,,,,,,,,,,
user,item,rating,index_item,index_user,,,,,,,,,,,,,,,
78372,15354,1,56,379,C[N+](C)(C)CCO,,,,,,,,,,,,,,
78372,4167,1,19,379,OC[C@H]1OC(O)[C@H](O)[C@@H](O)[C@@H]1O,,,,,,,,,,,,,,
78372,30751,1,48,379,[H]C(O)=O,,,,,,,,,,,,,,
78372,16828,1,26,379,N[C@@H](Cc1c[nH]c2ccccc12)C(O)=O,,,,,,,,,,,,,,
78372,16919,1,57,379,CN(CC(O)=O)C(N)=N,,,,,,,,,,,,,,
78372,18050,1,33,379,N[C@@H](CCC(N)=O)C(O)=O,,,,,,,,,,,,,,
,,,,,,,,,,,,,,,,,,,
,item,rating,,,,,,,,,,,,,,,,,
,16737,1,,,CN1CC(=O)NC1=N,,,,,,,,,,,,,,
,30769,1,,,OC(=O)CC(O)(CC(O)=O)C(O)=O,,,,,,,,,,,,,,
,16015,1,,,N[C@@H](CCC(O)=O)C(O)=O,,,,,,,,,,,,,,
,,,,,,,,,,,,,,,,,,,
,,,,,,,,,,,,,,,,,,,
,,,,,,,,,,,,,,,,,,,
user,item,rating,index_item,index_user,,,,,,,,,,,,,,,
47386,72959,1,4,187,CCCCCCCCCCCCCCCC(=O)N[C@@H](CO)[C@H](O)\C=C\CCCCCCCCCCCCC,,,,,,,,,,,,,,
47386,77996,1,5,187,CCCCCCCCCCCCC\C=C\[C@@H](O)[C@H](CO)NC(=O)CCCCCCC\C=C/CCCCCCCC,,,,,,,,,,,,,,
47386,74450,1,6,187,CCCCCCCCCCCCC\C=C\[C@@H](O)[C@H](CO)NC(=O)CCCCCCCCCCCCC\C=C/CCCCCCCC,,,,,,,,,,,,,,
47386,72962,1,8,187,CCCCCCCCCCCCCCCCCCCC(=O)N[C@@H](CO)[C@H](O)\C=C\CCCCCCCCCCCCC,,,,,,,,,,,,,,
47386,72956,1,10,187,CCCCCCCCCCCCC\C=C\[C@@H](O)[C@H](CO)NC(=O)CCCCCCCCCCC,,,,,,,,,,,,,,
,,,,,,,,,,,,,,,,,,,
,item,rating,,,,,,,,,,,,,,,,,
,37550,1,,,CCCCCCCCCCCCC\C=C\[C@@H](O)[C@@H](N)COP(O)(O)=O,,,,,,,,,,,,,,
,72961,1,,,CCCCCCCCCCCCCCCCCC(=O)N[C@@H](CO)[C@H](O)\C=C\CCCCCCCCCCCCC,,,,,,,,,,,,,,
,76591,1,,,C[C@@H](CO)CCC[C@@H](C)[C@H]1CC[C@H]2[C@@H]3CC=C4C[C@@H](O)CC[C@]4(C)[C@H]3CC[C@]12C,,,,,,,,,,,,,,
,72968,1,,,CCCCCCCCCCCCCCCCCCCCCCCCCC(=O)N[C@@H](CO)[C@H](O)\C=C\CCCCCCCCCCCCC,,,,,,,,,,,,,,
,72966,1,,,CCCCCCCCCCCCCCCCCCCCCC(=O)N[C@@H](CO)[C@H](O)\C=C\CCCCCCCCCCCCC,,,,,,,,,,,,,,
,,,,,,,,,,,,,,,,,,,
user,item,rating,index_item,index_user,,,,,,,,,,,,,,,
130645,28088,1,52,719,OC1=CC=C(C=C1)C1=COC2=C(C(O)=CC(O)=C2)C1=O,,,,,,,,,,,,,,
130645,8093,1,63,719,CNC[C@H](O)c1cccc(O)c1,,,,,,,,,,,,,,
,,,,,,,,,,,,,,,,,,,
user,item,rating,index_item,index_user,,,,,,,,,,,,,,,
130645,15864,1,62,719,OC1=CC(O)=C2C(=O)C=C(OC2=C1)C1=CC=C(O)C(O)=C1,,,,,,,,,,,,,,
,,,,,,,,,,,,,,,,,,,
,,,,,,,,,,,,,,,,,,,
,,,,,,,,,,,,,,,,,,,
,,,,,,,,,,,,,,,,,,,
,,,,,,,,,,,,,,,,,,,
user,item,rating,index_item,index_user,,,,,,,,,,,,,,,
87721,72959,1,4,455,CCCCCCCCCCCCCCCC(=O)N[C@@H](CO)[C@H](O)\C=C\CCCCCCCCCCCCC,,,,,,,,,,,,,,
87721,77996,1,5,455,CCCCCCCCCCCCC\C=C\[C@@H](O)[C@H](CO)NC(=O)CCCCCCC\C=C/CCCCCCCC,,,,,,,,,,,,,,
87721,74450,1,6,455,CCCCCCCCCCCCC\C=C\[C@@H](O)[C@H](CO)NC(=O)CCCCCCCCCCCCC\C=C/CCCCCCCC,,,,,,,,,,,,,,
87721,72962,1,8,455,CCCCCCCCCCCCCCCCCCCC(=O)N[C@@H](CO)[C@H](O)\C=C\CCCCCCCCCCCCC,,,,,,,,,,,,,,
87721,72956,1,10,455,CCCCCCCCCCCCC\C=C\[C@@H](O)[C@H](CO)NC(=O)CCCCCCCCCCC,,,,,,,,,,,,,,
87721,134411,1,70,455,C(CCCCCCCC)CCCCC(N[C@H](C(=O)N[C@H](C(N[C@H](C(N[C@H](C(N[C@H](C(=O)N[C@H](C(=O)O)CCCCN)CCCCN)=O)CCCCN)=O)CCCCN)=O)CO)CSCC(OC(=O)CCCCCCCCCCCCCCC)COC(=O)CCCCCCCCCCCCCCC)=O,,,,,,,,,,,,,,
,,,,,,,,,,,,,,,,,,,
,item,rating,,,,,,,,,,,,,,,,,
,72961,1,,,CCCCCCCCCCCCCCCCCC(=O)N[C@@H](CO)[C@H](O)\C=C\CCCCCCCCCCCCC,,,,,,,,,,,,,,
,72968,1,,,CCCCCCCCCCCCCCCCCCCCCCCCCC(=O)N[C@@H](CO)[C@H](O)\C=C\CCCCCCCCCCCCC,,,,,,,,,,,,,,
,72966,1,,,CCCCCCCCCCCCCCCCCCCCCC(=O)N[C@@H](CO)[C@H](O)\C=C\CCCCCCCCCCCCC,,,,,,,,,,,,,,
,,,,,,,,,,,,,,,,,,,
,,,,,,,,,,,,,,,,,,,
user,item,rating,index_item,index_user,,,,,,,,,,,,,,,
147143,72959,1,4,776,CCCCCCCCCCCCCCCC(=O)N[C@@H](CO)[C@H](O)\C=C\CCCCCCCCCCCCC,,,,,,,,,,,,,,
147143,77996,1,5,776,CCCCCCCCCCCCC\C=C\[C@@H](O)[C@H](CO)NC(=O)CCCCCCC\C=C/CCCCCCCC,,,,,,,,,,,,,,
147143,74450,1,6,776,CCCCCCCCCCCCC\C=C\[C@@H](O)[C@H](CO)NC(=O)CCCCCCCCCCCCC\C=C/CCCCCCCC,,,,,,,,,,,,,,
147143,72962,1,8,776,CCCCCCCCCCCCCCCCCCCC(=O)N[C@@H](CO)[C@H](O)\C=C\CCCCCCCCCCCCC,,,,,,,,,,,,,,
147143,72956,1,10,776,CCCCCCCCCCCCC\C=C\[C@@H](O)[C@H](CO)NC(=O)CCCCCCCCCCC,,,,,,,,,,,,,,
,,,,,,,,,,,,,,,,,,,
,item,rating,,,,,,,,,,,,,,,,,
,72961,1,,,CCCCCCCCCCCCCCCCCC(=O)N[C@@H](CO)[C@H](O)\C=C\CCCCCCCCCCCCC,,,,,,,,,,,,,,
,72968,1,,,CCCCCCCCCCCCCCCCCCCCCCCCCC(=O)N[C@@H](CO)[C@H](O)\C=C\CCCCCCCCCCCCC,,,,,,,,,,,,,,
,72966,1,,,CCCCCCCCCCCCCCCCCCCCCC(=O)N[C@@H](CO)[C@H](O)\C=C\CCCCCCCCCCCCC,,,,,,,,,,,,,,
,,,,,,,,,,,,,,,,,,,
,,,,,,,,,,,,,,,,,,,
user,item,rating,index_item,index_user,,,,,,,,,,,,,,,
158677,4167,1,19,840,OC[C@H]1OC(O)[C@H](O)[C@@H](O)[C@@H]1O,,,,,,,,,,,,,,
158677,18132,1,51,840,C[N+](C)(C)CCOP(O)(O)=O,,,,,,,,,,,,,,
158677,15971,1,22,840,N[C@@H](Cc1c[nH]cn1)C(O)=O,,,,,,,,,,,,,,
158677,29073,1,24,840,[H][C@@]1(OC(=O)C(O)=C1O)[C@@H](O)CO,,,,,,,,,,,,,,
158677,30772,1,53,840,CCCC(O)=O,,,,,,,,,,,,,,
158677,30751,1,48,840,[H]C(O)=O,,,,,,,,,,,,,,
158677,16828,1,26,840,N[C@@H](Cc1c[nH]c2ccccc12)C(O)=O,,,,,,,,,,,,,,
158677,28061,1,27,840,OC[C@H]1O[C@H](O)[C@H](O)[C@@H](O)[C@H]1O,,,,,,,,,,,,,,
158677,16919,1,57,840,CN(CC(O)=O)C(N)=N,,,,,,,,,,,,,,
158677,18050,1,33,840,N[C@@H](CCC(N)=O)C(O)=O,,,,,,,,,,,,,,
158677,17295,1,34,840,N[C@@H](Cc1ccccc1)C(O)=O,,,,,,,,,,,,,,
158677,17203,1,35,840,OC(=O)[C@@H]1CCCN1,,,,,,,,,,,,,,
158677,17154,1,40,840,NC(=O)c1cccnc1,,,,,,,,,,,,,,
158677,15891,1,41,840,C(CS(O)(=O)=O)N,,,,,,,,,,,,,,
,,,,,,,,,,,,,,,,,,,
,item,rating,,,,,,,,,,,,,,,,,
,17268,1,,,O[C@H]1[C@H](O)[C@@H](O)[C@H](O)[C@H](O)[C@@H]1O,,,,,,,,,,,,,,
,16737,1,,,CN1CC(=O)NC1=N,,,,,,,,,,,,,,
,30769,1,,,OC(=O)CC(O)(CC(O)=O)C(O)=O,,,,,,,,,,,,,,
,,,,,,,,,,,,,,,,,,,
,,,,,,,,,,,,,,,,,,,
user,item,rating,index_item,index_user,,,,,,,,,,,,,,,
99408,4208,1,16,562,OC[C@H]1OC(O)[C@@H](O)[C@@H](O)[C@@H]1O,,,,,,,,,,,,,,
99408,17151,1,12,562,OC[C@H](O)[C@@H](O)[C@H](O)CO,,,,,,,,,,,,,,
99408,4167,1,19,562,OC[C@H]1OC(O)[C@H](O)[C@@H](O)[C@@H]1O,,,,,,,,,,,,,,
99408,15428,1,20,562,NCC(O)=O,,,,,,,,,,,,,,
99408,28061,1,27,562,OC[C@H]1O[C@H](O)[C@H](O)[C@@H](O)[C@H]1O,,,,,,,,,,,,,,
,,,,,,,,,,,,,,,,,,,
,item,rating,,,,,,,,,,,,,,,,,
,17754,1,,,OCC(O)CO,,,,,,,,,,,,,,
,17568,1,,,O=c1cc[nH]c(=O)[nH]1,,,,,,,,,,,,,,
,17268,1,,,O[C@H]1[C@H](O)[C@@H](O)[C@H](O)[C@H](O)[C@@H]1O,,,,,,,,,,,,,,
,16015,1,,,N[C@@H](CCC(O)=O)C(O)=O,,,,,,,,,,,,,,
,,,,,,,,,,,,,,,,,,,
,,,,,,,,,,,,,,,,,,,
user,item,rating,index_item,index_user,,,,,,,,,,,,,,,
181163,72959,2,4,957,CCCCCCCCCCCCCCCC(=O)N[C@@H](CO)[C@H](O)\C=C\CCCCCCCCCCCCC,,,,,,,,,,,,,,
181163,77996,2,5,957,CCCCCCCCCCCCC\C=C\[C@@H](O)[C@H](CO)NC(=O)CCCCCCC\C=C/CCCCCCCC,,,,,,,,,,,,,,
181163,74450,2,6,957,CCCCCCCCCCCCC\C=C\[C@@H](O)[C@H](CO)NC(=O)CCCCCCCCCCCCC\C=C/CCCCCCCC,,,,,,,,,,,,,,
181163,72962,2,8,957,CCCCCCCCCCCCCCCCCCCC(=O)N[C@@H](CO)[C@H](O)\C=C\CCCCCCCCCCCCC,,,,,,,,,,,,,,
181163,72956,2,10,957,CCCCCCCCCCCCC\C=C\[C@@H](O)[C@H](CO)NC(=O)CCCCCCCCCCC,,,,,,,,,,,,,,
,,,,,,,,,,,,,,,,,,,
,item,rating,,,,,,,,,,,,,,,,,
,37550,1,,,CCCCCCCCCCCCC\C=C\[C@@H](O)[C@@H](N)COP(O)(O)=O,,,,,,,,,,,,,,
,72961,2,,,CCCCCCCCCCCCCCCCCC(=O)N[C@@H](CO)[C@H](O)\C=C\CCCCCCCCCCCCC,,,,,,,,,,,,,,
,76591,1,,,C[C@@H](CO)CCC[C@@H](C)[C@H]1CC[C@H]2[C@@H]3CC=C4C[C@@H](O)CC[C@]4(C)[C@H]3CC[C@]12C,,,,,,,,,,,,,,
,72968,2,,,CCCCCCCCCCCCCCCCCCCCCCCCCC(=O)N[C@@H](CO)[C@H](O)\C=C\CCCCCCCCCCCCC,,,,,,,,,,,,,,
,72966,2,,,CCCCCCCCCCCCCCCCCCCCCC(=O)N[C@@H](CO)[C@H](O)\C=C\CCCCCCCCCCCCC,,,,,,,,,,,,,,
,,,,,,,,,,,,,,,,,,,
user,item,rating,index_item,index_user,,,,,,,,,,,,,,,
137531,72959,1,4,747,CCCCCCCCCCCCCCCC(=O)N[C@@H](CO)[C@H](O)\C=C\CCCCCCCCCCCCC,,,,,,,,,,,,,,
137531,77996,1,5,747,CCCCCCCCCCCCC\C=C\[C@@H](O)[C@H](CO)NC(=O)CCCCCCC\C=C/CCCCCCCC,,,,,,,,,,,,,,
137531,74450,1,6,747,CCCCCCCCCCCCC\C=C\[C@@H](O)[C@H](CO)NC(=O)CCCCCCCCCCCCC\C=C/CCCCCCCC,,,,,,,,,,,,,,
137531,72962,1,8,747,CCCCCCCCCCCCCCCCCCCC(=O)N[C@@H](CO)[C@H](O)\C=C\CCCCCCCCCCCCC,,,,,,,,,,,,,,
137531,72956,1,10,747,CCCCCCCCCCCCC\C=C\[C@@H](O)[C@H](CO)NC(=O)CCCCCCCCCCC,,,,,,,,,,,,,,
,,,,,,,,,,,,,,,,,,,
,item,rating,,,,,,,,,,,,,,,,,
,37550,1,,,CCCCCCCCCCCCC\C=C\[C@@H](O)[C@@H](N)COP(O)(O)=O,,,,,,,,,,,,,,
,72961,1,,,CCCCCCCCCCCCCCCCCC(=O)N[C@@H](CO)[C@H](O)\C=C\CCCCCCCCCCCCC,,,,,,,,,,,,,,
,76591,1,,,C[C@@H](CO)CCC[C@@H](C)[C@H]1CC[C@H]2[C@@H]3CC=C4C[C@@H](O)CC[C@]4(C)[C@H]3CC[C@]12C,,,,,,,,,,,,,,
,72968,1,,,CCCCCCCCCCCCCCCCCCCCCCCCCC(=O)N[C@@H](CO)[C@H](O)\C=C\CCCCCCCCCCCCC,,,,,,,,,,,,,,
,72966,1,,,CCCCCCCCCCCCCCCCCCCCCC(=O)N[C@@H](CO)[C@H](O)\C=C\CCCCCCCCCCCCC,,,,,,,,,,,,,,
,,,,,,,,,,,,,,,,,,,
user,item,rating,index_item,index_user,,,,,,,,,,,,,,,
64186,4208,1,16,276,OC[C@H]1OC(O)[C@@H](O)[C@@H](O)[C@@H]1O,,,,,,,,,,,,,,
64186,4167,1,19,276,OC[C@H]1OC(O)[C@H](O)[C@@H](O)[C@@H]1O,,,,,,,,,,,,,,
64186,16467,1,21,276,N[C@@H](CCCNC(N)=N)C(O)=O,,,,,,,,,,,,,,
64186,17115,1,25,276,N[C@@H](CO)C(O)=O,,,,,,,,,,,,,,
64186,15756,1,13,276,CCCCCCCCCCCCCCCC(O)=O,,,,,,,,,,,,,,
64186,17992,1,36,276,OC[C@H]1O[C@H](O[C@]2(CO)O[C@H](CO)[C@@H](O)[C@@H]2O)[C@H](O)[C@@H](O)[C@@H]1O,,,,,,,,,,,,,,
64186,16134,1,66,276,[H]N([H])[H],,,,,,,,,,,,,,
,,,,,,,,,,,,,,,,,,,
,item,rating,,,,,,,,,,,,,,,,,
,17754,1,,,OCC(O)CO,,,,,,,,,,,,,,
,17568,1,,,O=c1cc[nH]c(=O)[nH]1,,,,,,,,,,,,,,
,17268,1,,,O[C@H]1[C@H](O)[C@@H](O)[C@H](O)[C@H](O)[C@@H]1O,,,,,,,,,,,,,,
,16189,1,,,[O-]S([O-])(=O)=O,,,,,,,,,,,,,,
,16680,1,,,N[C@@H](CCSC[C@H]1O[C@H]([C@H](O)[C@@H]1O)n1cnc2c(N)ncnc12)C(O)=O,,,,,,,,,,,,,,
,,,,,,,,,,,,,,,,,,,
user,item,rating,index_item,index_user,,,,,,,,,,,,,,,
146012,72959,1,4,769,CCCCCCCCCCCCCCCC(=O)N[C@@H](CO)[C@H](O)\C=C\CCCCCCCCCCCCC,,,,,,,,,,,,,,
146012,77996,1,5,769,CCCCCCCCCCCCC\C=C\[C@@H](O)[C@H](CO)NC(=O)CCCCCCC\C=C/CCCCCCCC,,,,,,,,,,,,,,
146012,74450,1,6,769,CCCCCCCCCCCCC\C=C\[C@@H](O)[C@H](CO)NC(=O)CCCCCCCCCCCCC\C=C/CCCCCCCC,,,,,,,,,,,,,,
146012,72962,1,8,769,CCCCCCCCCCCCCCCCCCCC(=O)N[C@@H](CO)[C@H](O)\C=C\CCCCCCCCCCCCC,,,,,,,,,,,,,,
146012,72956,1,10,769,CCCCCCCCCCCCC\C=C\[C@@H](O)[C@H](CO)NC(=O)CCCCCCCCCCC,,,,,,,,,,,,,,
,,,,,,,,,,,,,,,,,,,
,item,rating,,,,,,,,,,,,,,,,,
,37550,1,,,CCCCCCCCCCCCC\C=C\[C@@H](O)[C@@H](N)COP(O)(O)=O,,,,,,,,,,,,,,
,72961,1,,,CCCCCCCCCCCCCCCCCC(=O)N[C@@H](CO)[C@H](O)\C=C\CCCCCCCCCCCCC,,,,,,,,,,,,,,
,76591,1,,,C[C@@H](CO)CCC[C@@H](C)[C@H]1CC[C@H]2[C@@H]3CC=C4C[C@@H](O)CC[C@]4(C)[C@H]3CC[C@]12C,,,,,,,,,,,,,,
,72968,1,,,CCCCCCCCCCCCCCCCCCCCCCCCCC(=O)N[C@@H](CO)[C@H](O)\C=C\CCCCCCCCCCCCC,,,,,,,,,,,,,,
,72966,1,,,CCCCCCCCCCCCCCCCCCCCCC(=O)N[C@@H](CO)[C@H](O)\C=C\CCCCCCCCCCCCC,,,,,,,,,,,,,,
,,,,,,,,,,,,,,,,,,,
,,,,,,,,,,,,,,,,,,,
user,item,rating,index_item,index_user,,,,,,,,,,,,,,,
30622,15354,1,56,121,C[N+](C)(C)CCO,,,,,,,,,,,,,,
30622,17151,1,12,121,OC[C@H](O)[C@@H](O)[C@H](O)CO,,,,,,,,,,,,,,
30622,15428,1,20,121,NCC(O)=O,,,,,,,,,,,,,,
30622,15971,1,22,121,N[C@@H](Cc1c[nH]cn1)C(O)=O,,,,,,,,,,,,,,
30622,30772,1,53,121,CCCC(O)=O,,,,,,,,,,,,,,
30622,28061,1,27,121,OC[C@H]1O[C@H](O)[C@H](O)[C@@H](O)[C@H]1O,,,,,,,,,,,,,,
30622,16236,1,61,121,CCO,,,,,,,,,,,,,,
30622,18050,1,33,121,N[C@@H](CCC(N)=O)C(O)=O,,,,,,,,,,,,,,
30622,17295,1,34,121,N[C@@H](Cc1ccccc1)C(O)=O,,,,,,,,,,,,,,
30622,17203,1,35,121,OC(=O)[C@@H]1CCCN1,,,,,,,,,,,,,,
30622,27732,1,38,121,Cn1cnc2n(C)c(=O)n(C)c(=O)c12,,,,,,,,,,,,,,
30622,2877,1,93,121,C(C[C@@H](C(N[C@@H](CC1=CC=CC=C1)C(=O)OC)=O)N)(=O)O,,,,,,,,,,,,,,
,,,,,,,,,,,,,,,,,,,
,item,rating,,,,,,,,,,,,,,,,,
,17754,1,,,OCC(O)CO,,,,,,,,,,,,,,
,16737,1,,,CN1CC(=O)NC1=N,,,,,,,,,,,,,,
,16015,1,,,N[C@@H](CCC(O)=O)C(O)=O,,,,,,,,,,,,,,
,,,,,,,,,,,,,,,,,,,
