,user,item,rating,index_item,index_user,SMILES
402,20053,4208,1,16,53,OC[C@H]1OC(O)[C@@H](O)[C@@H](O)[C@@H]1O
403,20053,17754,1,17,53,OCC(O)CO
404,20053,17568,1,18,53,O=c1cc[nH]c(=O)[nH]1
405,20053,4167,1,19,53,OC[C@H]1OC(O)[C@H](O)[C@@H](O)[C@@H]1O
406,20053,16467,1,21,53,N[C@@H](CCCNC(N)=N)C(O)=O
407,20053,17115,1,25,53,N[C@@H](CO)C(O)=O
408,20053,15756,1,13,53,CCCCCCCCCCCCCCCC(O)=O
409,20053,17268,1,28,53,O[C@H]1[C@H](O)[C@@H](O)[C@H](O)[C@H](O)[C@@H]1O
410,20053,17992,1,36,53,OC[C@H]1O[C@H](O[C@]2(CO)O[C@H](CO)[C@@H](O)[C@@H]2O)[C@H](O)[C@@H](O)[C@@H]1O
411,20053,16189,1,65,53,[O-]S([O-])(=O)=O
412,20053,16680,1,37,53,N[C@@H](CCSC[C@H]1O[C@H]([C@H](O)[C@@H]1O)n1cnc2c(N)ncnc12)C(O)=O
413,20053,16134,1,66,53,[H]N([H])[H]
,,,,,,
,,,,,,
,user,item,rating,index_item,index_user,
403,20053,17754,1,17,53,OCC(O)CO
404,20053,17568,1,18,53,O=c1cc[nH]c(=O)[nH]1
409,20053,17268,1,28,53,O[C@H]1[C@H](O)[C@@H](O)[C@H](O)[C@H](O)[C@@H]1O
411,20053,16189,1,65,53,[O-]S([O-])(=O)=O
412,20053,16680,1,37,53,N[C@@H](CCSC[C@H]1O[C@H]([C@H](O)[C@@H]1O)n1cnc2c(N)ncnc12)C(O)=O
,,,,,,
,,,,,,
,,,,,,
,user,item,rating,index_item,index_user,
902,37513,17268,1,28,151,O[C@H]1[C@H](O)[C@@H](O)[C@H](O)[C@H](O)[C@@H]1O
903,37513,17154,1,40,151,NC(=O)c1cccnc1
,,,,,,
,user,item,rating,index_item,index_user,
902,37513,17268,1,28,151,O[C@H]1[C@H](O)[C@@H](O)[C@H](O)[C@H](O)[C@@H]1O
,,,,,,
,,,,,,
,,,,,,
,user,item,rating,index_item,index_user,
1979,83186,30751,1,48,403,[H]C(O)=O
1980,83186,37550,1,50,403,CCCCCCCCCCCCC\C=C\[C@@H](O)[C@@H](N)COP(O)(O)=O
1981,83186,17992,1,36,403,OC[C@H]1O[C@H](O[C@]2(CO)O[C@H](CO)[C@@H](O)[C@@H]2O)[C@H](O)[C@@H](O)[C@@H]1O
1982,83186,31941,1,84,403,[H][N]1([H])[C@@H]2CCCC[C@H]2[N]([H])([H])[Pt]11OC(=O)C(=O)O1
,,,,,,
,user,item,rating,index_item,index_user,
1980,83186,37550,1,50,403,CCCCCCCCCCCCC\C=C\[C@@H](O)[C@@H](N)COP(O)(O)=O
,,,,,,
,,,,,,
,,,,,,
,user,item,rating,index_item,index_user,
5376,192085,49960,1,45,1171,COc1cc2c(Nc3ccc(Br)cc3F)ncnc2cc1OCC1CCN(C)CC1
5377,192085,15864,1,62,1171,OC1=CC(O)=C2C(=O)C=C(OC2=C1)C1=CC=C(O)C(O)=C1
,,,,,,
,user,item,rating,index_item,index_user,
5377,192085,15864,1,62,1171,OC1=CC(O)=C2C(=O)C=C(OC2=C1)C1=CC=C(O)C(O)=C1
,,,,,,
,,,,,,
,,,,,,
,user,item,rating,index_item,index_user,
1188,55245,17568,1,18,232,O=c1cc[nH]c(=O)[nH]1
1189,55245,15971,1,22,232,N[C@@H](Cc1c[nH]cn1)C(O)=O
1190,55245,17992,1,36,232,OC[C@H]1O[C@H](O[C@]2(CO)O[C@H](CO)[C@@H](O)[C@@H]2O)[C@H](O)[C@@H](O)[C@@H]1O
,,,,,,
,user,item,rating,index_item,index_user,
1188,55245,17568,1,18,232,O=c1cc[nH]c(=O)[nH]1
,,,,,,
,,,,,,
,,,,,,
,user,item,rating,index_item,index_user,
309,15811,15428,1,20,36,NCC(O)=O
310,15811,16467,1,21,36,N[C@@H](CCCNC(N)=N)C(O)=O
311,15811,15971,1,22,36,N[C@@H](Cc1c[nH]cn1)C(O)=O
312,15811,17115,1,25,36,N[C@@H](CO)C(O)=O
313,15811,16349,1,32,36,N[C@@H](CCCNC(N)=O)C(O)=O
314,15811,18050,1,33,36,N[C@@H](CCC(N)=O)C(O)=O
315,15811,17295,1,34,36,N[C@@H](Cc1ccccc1)C(O)=O
316,15811,15891,1,41,36,C(CS(O)(=O)=O)N
317,15811,545959,2,54,36,COc1cc(CC(O)=O)ccc1O
,,,,,,
,user,item,rating,index_item,index_user,
317,15811,545959,2,54,36,COc1cc(CC(O)=O)ccc1O
,,,,,,
,,,,,,
,,,,,,
,user,item,rating,index_item,index_user,
2195,87714,28061,1,27,452,OC[C@H]1O[C@H](O)[C@H](O)[C@@H](O)[C@H]1O
2196,87714,104872,1,82,452,COc1ccc(cc1OC1CCCC1)C1CNC(=O)C1
2197,87714,16349,2,32,452,N[C@@H](CCCNC(N)=O)C(O)=O
2198,87714,545959,1,54,452,COc1cc(CC(O)=O)ccc1O
,,,,,,
,user,item,rating,index_item,index_user,
2198,87714,545959,1,54,452,COc1cc(CC(O)=O)ccc1O
,,,,,,
,,,,,,
,,,,,,
,user,item,rating,index_item,index_user,
3107,118733,18132,1,51,651,C[N+](C)(C)CCOP(O)(O)=O
3108,118733,16313,3,58,651,OC(=O)[C@H]1CCCN1
3109,118733,16523,1,59,651,N[C@H](CO)C(O)=O
3110,118733,545959,1,54,651,COc1cc(CC(O)=O)ccc1O
,,,,,,
,user,item,rating,index_item,index_user,
3110,118733,545959,1,54,651,COc1cc(CC(O)=O)ccc1O
,,,,,,
,,,,,,
,,,,,,
,user,item,rating,index_item,index_user,
1323,61150,15354,1,56,253,C[N+](C)(C)CCO
1324,61150,17754,1,17,253,OCC(O)CO
1325,61150,4167,1,19,253,OC[C@H]1OC(O)[C@H](O)[C@@H](O)[C@@H]1O
1326,61150,16467,1,21,253,N[C@@H](CCCNC(N)=N)C(O)=O
1327,61150,15971,1,22,253,N[C@@H](Cc1c[nH]cn1)C(O)=O
1328,61150,17115,1,25,253,N[C@@H](CO)C(O)=O
1329,61150,15756,1,13,253,CCCCCCCCCCCCCCCC(O)=O
1330,61150,30751,1,48,253,[H]C(O)=O
1331,61150,16828,2,26,253,N[C@@H](Cc1c[nH]c2ccccc12)C(O)=O
1332,61150,17268,1,28,253,O[C@H]1[C@H](O)[C@@H](O)[C@H](O)[C@H](O)[C@@H]1O
1333,61150,16919,1,57,253,CN(CC(O)=O)C(N)=N
1334,61150,16737,1,31,253,CN1CC(=O)NC1=N
1335,61150,30769,1,0,253,OC(=O)CC(O)(CC(O)=O)C(O)=O
1336,61150,16015,1,15,253,N[C@@H](CCC(O)=O)C(O)=O
1337,61150,18050,2,33,253,N[C@@H](CCC(N)=O)C(O)=O
1338,61150,17295,1,34,253,N[C@@H](Cc1ccccc1)C(O)=O
1339,61150,17203,1,35,253,OC(=O)[C@@H]1CCCN1
,,,,,,
,user,item,rating,index_item,index_user,
1324,61150,17754,1,17,253,OCC(O)CO
1332,61150,17268,1,28,253,O[C@H]1[C@H](O)[C@@H](O)[C@H](O)[C@H](O)[C@@H]1O
1334,61150,16737,1,31,253,CN1CC(=O)NC1=N
1335,61150,30769,1,0,253,OC(=O)CC(O)(CC(O)=O)C(O)=O
1336,61150,16015,1,15,253,N[C@@H](CCC(O)=O)C(O)=O
,,,,,,
,,,,,,
,,,,,,
,user,item,rating,index_item,index_user,
4890,187048,28088,1,52,1035,OC1=CC=C(C=C1)C1=COC2=C(C(O)=CC(O)=C2)C1=O
4891,187048,15864,1,62,1035,OC1=CC(O)=C2C(=O)C=C(OC2=C1)C1=CC=C(O)C(O)=C1
4892,187048,8093,1,63,1035,CNC[C@H](O)c1cccc(O)c1
4893,187048,134301,1,80,1035,OC(=O)[C@@H](CC1=CC(O)=C(O)C=C1)OC(=O)\C=C\C1=C2[C@@H]([C@H](OC2=C(O)C=C1)C1=CC(O)=C(O)C=C1)C(=O)O[C@H](CC1=CC(O)=C(O)C=C1)C(O)=O
,,,,,,
,user,item,rating,index_item,index_user,
4891,187048,15864,1,62,1035,OC1=CC(O)=C2C(=O)C=C(OC2=C1)C1=CC=C(O)C(O)=C1
,,,,,,
,,,,,,
,,,,,,
,user,item,rating,index_item,index_user,
3002,110228,16196,1,23,623,CCCCCCCC\C=C/CCCCCCCC(O)=O
3003,110228,15756,1,13,623,CCCCCCCCCCCCCCCC(O)=O
3004,110228,30769,1,0,623,OC(=O)CC(O)(CC(O)=O)C(O)=O
,,,,,,
,user,item,rating,index_item,index_user,
3004,110228,30769,1,0,623,OC(=O)CC(O)(CC(O)=O)C(O)=O
,,,,,,
,,,,,,
,,,,,,
,,,,,,
,user,item,rating,index_item,index_user,
4815,186306,175901,1,86,1013,Nc1ccn([C@@H]2O[C@H](CO)[C@@H](O)C2(F)F)c(=O)n1
4816,186306,16737,1,31,1013,CN1CC(=O)NC1=N
4817,186306,15891,2,41,1013,C(CS(O)(=O)=O)N
4818,186306,134301,1,80,1013,OC(=O)[C@@H](CC1=CC(O)=C(O)C=C1)OC(=O)\C=C\C1=C2[C@@H]([C@H](OC2=C(O)C=C1)C1=CC(O)=C(O)C=C1)C(=O)O[C@H](CC1=CC(O)=C(O)C=C1)C(O)=O
,,,,,,
,user,item,rating,index_item,index_user,
4816,186306,16737,1,31,1013,CN1CC(=O)NC1=N
,,,,,,
,,,,,,
,,,,,,
,,,,,,
,user,item,rating,index_item,index_user,
1399,62842,15756,1,13,262,CCCCCCCCCCCCCCCC(O)=O
1400,62842,30769,1,0,262,OC(=O)CC(O)(CC(O)=O)C(O)=O
1401,62842,21547,1,1,262,CC(=O)N[C@@H](CC(O)=O)C(O)=O
1402,62842,545959,1,54,262,COc1cc(CC(O)=O)ccc1O
,,,,,,
,user,item,rating,index_item,index_user,
1400,62842,30769,1,0,262,OC(=O)CC(O)(CC(O)=O)C(O)=O
1402,62842,545959,1,54,262,COc1cc(CC(O)=O)ccc1O
,,,,,,
,,,,,,
,,,,,,
,,,,,,
,,,,,,
,user,item,rating,index_item,index_user,
2058,85700,28088,1,52,414,OC1=CC=C(C=C1)C1=COC2=C(C(O)=CC(O)=C2)C1=O
2059,85700,38167,1,87,414,C12=C(C=C(C=C2C(C=3C=C(C=C(C3C1=O)O)OC)=O)C)O
2060,85700,7772,1,101,414,
2061,85700,18344,1,39,414,OC(=O)c1cc(O)c2ccccc2n1
2062,85700,2877,1,93,414,C(C[C@@H](C(N[C@@H](CC1=CC=CC=C1)C(=O)OC)=O)N)(=O)O
2063,85700,134301,1,80,414,OC(=O)[C@@H](CC1=CC(O)=C(O)C=C1)OC(=O)\C=C\C1=C2[C@@H]([C@H](OC2=C(O)C=C1)C1=CC(O)=C(O)C=C1)C(=O)O[C@H](CC1=CC(O)=C(O)C=C1)C(O)=O
,,,,,,
,user,item,rating,index_item,index_user,
2061,85700,18344,1,39,414,OC(=O)c1cc(O)c2ccccc2n1
,,,,,,
,,,,,,
,,,,,,
,user,item,rating,index_item,index_user,
899,37445,17568,1,18,150,O=c1cc[nH]c(=O)[nH]1
900,37445,15971,1,22,150,N[C@@H](Cc1c[nH]cn1)C(O)=O
901,37445,17992,1,36,150,OC[C@H]1O[C@H](O[C@]2(CO)O[C@H](CO)[C@@H](O)[C@@H]2O)[C@H](O)[C@@H](O)[C@@H]1O
,,,,,,
,user,item,rating,index_item,index_user,
899,37445,17568,1,18,150,O=c1cc[nH]c(=O)[nH]1
,,,,,,
,,,,,,
,,,,,,
,,,,,,
,,,,,,
,,,,,,
,,,,,,
,user,item,rating,index_item,index_user,
3052,115779,175901,1,86,640,Nc1ccn([C@@H]2O[C@H](CO)[C@@H](O)C2(F)F)c(=O)n1
3053,115779,16958,1,14,640,NCCC(O)=O
3054,115779,28177,1,2,640,Cn1c2nc[nH]c2c(=O)n(C)c1=O
3055,115779,15891,1,41,640,C(CS(O)(=O)=O)N
3056,115779,140908,1,55,640,C1(=CC=CC=C1CN2C(N(CCC2)CC=3C(=CC=CC3)N(C)C)C=4C=CN=CC4)N(C)C
,,,,,,
,user,item,rating,index_item,index_user,
3054,115779,28177,1,2,640,Cn1c2nc[nH]c2c(=O)n(C)c1=O
,,,,,,
,,,,,,
,,,,,,
,user,item,rating,index_item,index_user,
5378,192095,175901,1,86,1172,Nc1ccn([C@@H]2O[C@H](CO)[C@@H](O)C2(F)F)c(=O)n1
5379,192095,15864,1,62,1172,OC1=CC(O)=C2C(=O)C=C(OC2=C1)C1=CC=C(O)C(O)=C1
,,,,,,
,user,item,rating,index_item,index_user,
5379,192095,15864,1,62,1172,OC1=CC(O)=C2C(=O)C=C(OC2=C1)C1=CC=C(O)C(O)=C1
,,,,,,
,,,,,,
,,,,,,
,,,,,,
,,,,,,
,,,,,,
,,,,,,
,,,,,,
,,,,,,
,,,,,,
,user,item,rating,index_item,index_user,
3396,129099,17578,1,43,710,Cc1ccccc1
3397,129099,17579,1,77,710,CC(\C=C\C=C(C)\C=C\C1=C(C)CCCC1(C)C)=C/C=C/C=C(C)/C=C/C=C(C)/C=C/C1=C(C)CCCC1(C)C
3398,129099,87715,1,79,710,
,,,,,,
,user,item,rating,index_item,index_user,
3397,129099,17579,1,77,710,CC(\C=C\C=C(C)\C=C\C1=C(C)CCCC1(C)C)=C/C=C/C=C(C)/C=C/C=C(C)/C=C/C1=C(C)CCCC1(C)C
,,,,,,
,,,,,,
,,,,,,
,,,,,,
,,,,,,
,,,,,,
,,,,,,
,user,item,rating,index_item,index_user,
4522,181216,465284,1,71,962,Nc1nc2n(COC(CO)CO)cnc2c(=O)[nH]1
4523,181216,175901,1,86,962,Nc1ccn([C@@H]2O[C@H](CO)[C@@H](O)C2(F)F)c(=O)n1
4524,181216,17568,1,18,962,O=c1cc[nH]c(=O)[nH]1
4525,181216,164200,1,69,962,Oc1cc(Cl)ccc1Oc1ccc(Cl)cc1Cl
4526,181216,16467,1,21,962,N[C@@H](CCCNC(N)=N)C(O)=O
4527,181216,15756,1,13,962,CCCCCCCCCCCCCCCC(O)=O
4528,181216,30772,1,53,962,CCCC(O)=O
4529,181216,38167,1,87,962,C12=C(C=C(C=C2C(C=3C=C(C=C(C3C1=O)O)OC)=O)C)O
4530,181216,15956,1,30,962,[H][C@]12CS[C@@H](CCCCC(O)=O)[C@@]1([H])NC(=O)N2
4531,181216,28001,1,100,962,CN[C@H](CC(C)C)C(=O)N[C@@H]1[C@H](O)c2ccc(Oc3cc4cc(Oc5ccc(cc5Cl)[C@@H](O)[C@@H]5NC(=O)[C@H](NC(=O)[C@@H]4NC(=O)[C@H](CC(N)=O)NC1=O)c1ccc(O)c(c1)-c1c(O)cc(O)cc1[C@H](NC5=O)C(O)=O)c3O[C@@H]1O[C@H](CO)[C@@H](O)[C@H](O)[C@H]1O[C@H]1C[C@](C)(N)[C@H](O)[C@H](C)O1)c(Cl)c2
4532,181216,5870,1,90,962,[O-][N+](=O)N=C1NCCN1Cc1ccc(Cl)nc1
4533,181216,17688,1,64,962,[H][C@]1(CCCN1C)C1=CC=CN=C1
4534,181216,17992,1,36,962,OC[C@H]1O[C@H](O[C@]2(CO)O[C@H](CO)[C@@H](O)[C@@H]2O)[C@H](O)[C@@H](O)[C@@H]1O
4535,181216,16680,1,37,962,N[C@@H](CCSC[C@H]1O[C@H]([C@H](O)[C@@H]1O)n1cnc2c(N)ncnc12)C(O)=O
4536,181216,27732,1,38,962,Cn1cnc2n(C)c(=O)n(C)c(=O)c12
4537,181216,68641,1,95,962,[H][C@]1(CCC(=O)N1C)c1cccnc1
4538,181216,15864,2,62,962,OC1=CC(O)=C2C(=O)C=C(OC2=C1)C1=CC=C(O)C(O)=C1
4539,181216,8093,1,63,962,CNC[C@H](O)c1cccc(O)c1
4540,181216,134355,1,92,962,C12=CC(=CC=C1C=CC(O2)=O)OC/C=C(/CCC=C(C)C)\C
4541,181216,134301,7,80,962,OC(=O)[C@@H](CC1=CC(O)=C(O)C=C1)OC(=O)\C=C\C1=C2[C@@H]([C@H](OC2=C(O)C=C1)C1=CC(O)=C(O)C=C1)C(=O)O[C@H](CC1=CC(O)=C(O)C=C1)C(O)=O
4542,181216,137113,1,47,962,C(=O)(OC(C)(C)C)C[C@H]1C=2N(C3=C(C(=N1)C4=CC=C(C=C4)Cl)C(=C(S3)C)C)C(=NN2)C
4543,181216,140908,2,55,962,C1(=CC=CC=C1CN2C(N(CCC2)CC=3C(=CC=CC3)N(C)C)C=4C=CN=CC4)N(C)C
,,,,,,
,user,item,rating,index_item,index_user,
4524,181216,17568,1,18,962,O=c1cc[nH]c(=O)[nH]1
4535,181216,16680,1,37,962,N[C@@H](CCSC[C@H]1O[C@H]([C@H](O)[C@@H]1O)n1cnc2c(N)ncnc12)C(O)=O
4538,181216,15864,2,62,962,OC1=CC(O)=C2C(=O)C=C(OC2=C1)C1=CC=C(O)C(O)=C1
,,,,,,
,,,,,,
,,,,,,
,,,,,,
,,,,,,
,user,item,rating,index_item,index_user,
4399,176224,17568,1,18,931,O=c1cc[nH]c(=O)[nH]1
4400,176224,15971,1,22,931,N[C@@H](Cc1c[nH]cn1)C(O)=O
4401,176224,17992,1,36,931,OC[C@H]1O[C@H](O[C@]2(CO)O[C@H](CO)[C@@H](O)[C@@H]2O)[C@H](O)[C@@H](O)[C@@H]1O
,,,,,,
,user,item,rating,index_item,index_user,
4399,176224,17568,1,18,931,O=c1cc[nH]c(=O)[nH]1
,,,,,,
,,,,,,
,,,,,,
,user,item,rating,index_item,index_user,
4480,181126,164200,2,69,954,Oc1cc(Cl)ccc1Oc1ccc(Cl)cc1Cl
4481,181126,15971,1,22,954,N[C@@H](Cc1c[nH]cn1)C(O)=O
4482,181126,28088,1,52,954,OC1=CC=C(C=C1)C1=COC2=C(C(O)=CC(O)=C2)C1=O
4483,181126,38167,1,87,954,C12=C(C=C(C=C2C(C=3C=C(C=C(C3C1=O)O)OC)=O)C)O
4484,181126,16189,1,65,954,[O-]S([O-])(=O)=O
4485,181126,15379,1,99,954,O=O
4486,181126,134301,2,80,954,OC(=O)[C@@H](CC1=CC(O)=C(O)C=C1)OC(=O)\C=C\C1=C2[C@@H]([C@H](OC2=C(O)C=C1)C1=CC(O)=C(O)C=C1)C(=O)O[C@H](CC1=CC(O)=C(O)C=C1)C(O)=O
,,,,,,
,user,item,rating,index_item,index_user,
4484,181126,16189,1,65,954,[O-]S([O-])(=O)=O
,,,,,,
,,,,,,
,,,,,,
,,,,,,
,,,,,,
,,,,,,
,user,item,rating,index_item,index_user,
1751,73296,28088,1,52,348,OC1=CC=C(C=C1)C1=COC2=C(C(O)=CC(O)=C2)C1=O
1752,73296,15864,1,62,348,OC1=CC(O)=C2C(=O)C=C(OC2=C1)C1=CC=C(O)C(O)=C1
1753,73296,8093,1,63,348,CNC[C@H](O)c1cccc(O)c1
,,,,,,
,user,item,rating,index_item,index_user,
1752,73296,15864,1,62,348,OC1=CC(O)=C2C(=O)C=C(OC2=C1)C1=CC=C(O)C(O)=C1
,,,,,,
,,,,,,
,,,,,,
,user,item,rating,index_item,index_user,
2232,88756,7936,1,97,463,[H][C@]1(CCNC[C@H]1COc1ccc2OCOc2c1)c1ccc(F)cc1
2233,88756,72961,1,3,463,CCCCCCCCCCCCCCCCCC(=O)N[C@@H](CO)[C@H](O)\C=C\CCCCCCCCCCCCC
2234,88756,72959,1,4,463,CCCCCCCCCCCCCCCC(=O)N[C@@H](CO)[C@H](O)\C=C\CCCCCCCCCCCCC
2235,88756,77996,1,5,463,CCCCCCCCCCCCC\C=C\[C@@H](O)[C@H](CO)NC(=O)CCCCCCC\C=C/CCCCCCCC
2236,88756,74450,1,6,463,CCCCCCCCCCCCC\C=C\[C@@H](O)[C@H](CO)NC(=O)CCCCCCCCCCCCC\C=C/CCCCCCCC
2237,88756,72968,1,7,463,CCCCCCCCCCCCCCCCCCCCCCCCCC(=O)N[C@@H](CO)[C@H](O)\C=C\CCCCCCCCCCCCC
2238,88756,72962,1,8,463,CCCCCCCCCCCCCCCCCCCC(=O)N[C@@H](CO)[C@H](O)\C=C\CCCCCCCCCCCCC
2239,88756,72966,1,9,463,CCCCCCCCCCCCCCCCCCCCCC(=O)N[C@@H](CO)[C@H](O)\C=C\CCCCCCCCCCCCC
2240,88756,72956,1,10,463,CCCCCCCCCCCCC\C=C\[C@@H](O)[C@H](CO)NC(=O)CCCCCCCCCCC
,,,,,,
,user,item,rating,index_item,index_user,
2232,88756,7936,1,97,463,[H][C@]1(CCNC[C@H]1COc1ccc2OCOc2c1)c1ccc(F)cc1
2233,88756,72961,1,3,463,CCCCCCCCCCCCCCCCCC(=O)N[C@@H](CO)[C@H](O)\C=C\CCCCCCCCCCCCC
2237,88756,72968,1,7,463,CCCCCCCCCCCCCCCCCCCCCCCCCC(=O)N[C@@H](CO)[C@H](O)\C=C\CCCCCCCCCCCCC
2239,88756,72966,1,9,463,CCCCCCCCCCCCCCCCCCCCCC(=O)N[C@@H](CO)[C@H](O)\C=C\CCCCCCCCCCCCC
,,,,,,
,,,,,,
,,,,,,
,user,item,rating,index_item,index_user,
1667,72141,16236,1,61,325,CCO
1668,72141,16919,1,57,325,CN(CC(O)=O)C(N)=N
1669,72141,16737,1,31,325,CN1CC(=O)NC1=N
1670,72141,30769,1,0,325,OC(=O)CC(O)(CC(O)=O)C(O)=O
1671,72141,21547,1,1,325,CC(=O)N[C@@H](CC(O)=O)C(O)=O
1672,72141,16349,1,32,325,N[C@@H](CCCNC(N)=O)C(O)=O
,,,,,,
,user,item,rating,index_item,index_user,
1669,72141,16737,1,31,325,CN1CC(=O)NC1=N
1670,72141,30769,1,0,325,OC(=O)CC(O)(CC(O)=O)C(O)=O
,,,,,,
,,,,,,
,,,,,,
,user,item,rating,index_item,index_user,
1054,47147,15354,1,56,186,C[N+](C)(C)CCO
1055,47147,29073,1,24,186,[H][C@@]1(OC(=O)C(O)=C1O)[C@@H](O)CO
1056,47147,15940,1,72,186,OC(=O)c1cccnc1
1057,47147,21547,1,1,186,CC(=O)N[C@@H](CC(O)=O)C(O)=O
1058,47147,18050,1,33,186,N[C@@H](CCC(N)=O)C(O)=O
1059,47147,17203,3,35,186,OC(=O)[C@@H]1CCCN1
1060,47147,27732,1,38,186,Cn1cnc2n(C)c(=O)n(C)c(=O)c12
1061,47147,68641,1,95,186,[H][C@]1(CCC(=O)N1C)c1cccnc1
1062,47147,18344,1,39,186,OC(=O)c1cc(O)c2ccccc2n1
1063,47147,17154,1,40,186,NC(=O)c1cccnc1
1064,47147,18723,1,78,186,
1065,47147,28177,1,2,186,Cn1c2nc[nH]c2c(=O)n(C)c1=O
1066,47147,15891,1,41,186,C(CS(O)(=O)=O)N
,,,,,,
,user,item,rating,index_item,index_user,
1062,47147,18344,1,39,186,OC(=O)c1cc(O)c2ccccc2n1
1065,47147,28177,1,2,186,Cn1c2nc[nH]c2c(=O)n(C)c1=O
,,,,,,
,,,,,,
,,,,,,
,user,item,rating,index_item,index_user,
795,30793,17754,1,17,123,OCC(O)CO
796,30793,15971,1,22,123,N[C@@H](Cc1c[nH]cn1)C(O)=O
,,,,,,
,user,item,rating,index_item,index_user,
795,30793,17754,1,17,123,OCC(O)CO
,,,,,,
,,,,,,
,,,,,,
,user,item,rating,index_item,index_user,
5054,189279,28177,1,2,1089,Cn1c2nc[nH]c2c(=O)n(C)c1=O
5055,189279,2877,1,93,1089,C(C[C@@H](C(N[C@@H](CC1=CC=CC=C1)C(=O)OC)=O)N)(=O)O
,,,,,,
,user,item,rating,index_item,index_user,
5054,189279,28177,1,2,1089,Cn1c2nc[nH]c2c(=O)n(C)c1=O
,,,,,,
,,,,,,
,,,,,,
,,,,,,
,user,item,rating,index_item,index_user,
878,36391,17754,1,17,143,OCC(O)CO
879,36391,15971,1,22,143,N[C@@H](Cc1c[nH]cn1)C(O)=O
,,,,,,
,user,item,rating,index_item,index_user,
878,36391,17754,1,17,143,OCC(O)CO
,,,,,,
,,,,,,
,,,,,,
,user,item,rating,index_item,index_user,
3679,139375,4208,1,16,751,OC[C@H]1OC(O)[C@@H](O)[C@@H](O)[C@@H]1O
3680,139375,17754,1,17,751,OCC(O)CO
3681,139375,17568,1,18,751,O=c1cc[nH]c(=O)[nH]1
3682,139375,4167,1,19,751,OC[C@H]1OC(O)[C@H](O)[C@@H](O)[C@@H]1O
3683,139375,16467,1,21,751,N[C@@H](CCCNC(N)=N)C(O)=O
3684,139375,17115,1,25,751,N[C@@H](CO)C(O)=O
3685,139375,15756,1,13,751,CCCCCCCCCCCCCCCC(O)=O
3686,139375,17268,1,28,751,O[C@H]1[C@H](O)[C@@H](O)[C@H](O)[C@H](O)[C@@H]1O
3687,139375,17992,1,36,751,OC[C@H]1O[C@H](O[C@]2(CO)O[C@H](CO)[C@@H](O)[C@@H]2O)[C@H](O)[C@@H](O)[C@@H]1O
3688,139375,16189,1,65,751,[O-]S([O-])(=O)=O
3689,139375,16680,1,37,751,N[C@@H](CCSC[C@H]1O[C@H]([C@H](O)[C@@H]1O)n1cnc2c(N)ncnc12)C(O)=O
3690,139375,16134,1,66,751,[H]N([H])[H]
,,,,,,
,user,item,rating,index_item,index_user,
3680,139375,17754,1,17,751,OCC(O)CO
3681,139375,17568,1,18,751,O=c1cc[nH]c(=O)[nH]1
3686,139375,17268,1,28,751,O[C@H]1[C@H](O)[C@@H](O)[C@H](O)[C@H](O)[C@@H]1O
3688,139375,16189,1,65,751,[O-]S([O-])(=O)=O
3689,139375,16680,1,37,751,N[C@@H](CCSC[C@H]1O[C@H]([C@H](O)[C@@H]1O)n1cnc2c(N)ncnc12)C(O)=O
,,,,,,
,,,,,,
,,,,,,
,user,item,rating,index_item,index_user,
5342,191952,15956,1,30,1157,[H][C@]12CS[C@@H](CCCCC(O)=O)[C@@]1([H])NC(=O)N2
5343,191952,45081,1,88,1157,C(CCCOC1=CC=C(C=C1)C(N)=N)COC2=CC=C(C=C2)C(N)=N
5344,191952,16189,1,65,1157,[O-]S([O-])(=O)=O
5345,191952,49960,1,45,1157,COc1cc2c(Nc3ccc(Br)cc3F)ncnc2cc1OCC1CCN(C)CC1
5346,191952,134301,1,80,1157,OC(=O)[C@@H](CC1=CC(O)=C(O)C=C1)OC(=O)\C=C\C1=C2[C@@H]([C@H](OC2=C(O)C=C1)C1=CC(O)=C(O)C=C1)C(=O)O[C@H](CC1=CC(O)=C(O)C=C1)C(O)=O
,,,,,,
,user,item,rating,index_item,index_user,
5344,191952,16189,1,65,1157,[O-]S([O-])(=O)=O
,,,,,,
,,,,,,
,,,,,,
,,,,,,
,user,item,rating,index_item,index_user,
4646,181827,465284,1,71,981,Nc1nc2n(COC(CO)CO)cnc2c(=O)[nH]1
4647,181827,15971,1,22,981,N[C@@H](Cc1c[nH]cn1)C(O)=O
4648,181827,17115,1,25,981,N[C@@H](CO)C(O)=O
4649,181827,4031,1,75,981,CC[C@@H]1NC(=O)[C@H]([C@H](O)[C@H](C)C\C=C\C)N(C)C(=O)[C@H](C(C)C)N(C)C(=O)[C@H](CC(C)C)N(C)C(=O)[C@H](CC(C)C)N(C)C(=O)[C@@H](C)NC(=O)[C@H](C)NC(=O)[C@H](CC(C)C)N(C)C(=O)[C@@H](NC(=O)[C@H](CC(C)C)N(C)C(=O)CN(C)C1=O)C(C)C
4650,181827,72961,1,3,981,CCCCCCCCCCCCCCCCCC(=O)N[C@@H](CO)[C@H](O)\C=C\CCCCCCCCCCCCC
4651,181827,72959,1,4,981,CCCCCCCCCCCCCCCC(=O)N[C@@H](CO)[C@H](O)\C=C\CCCCCCCCCCCCC
4652,181827,77996,1,5,981,CCCCCCCCCCCCC\C=C\[C@@H](O)[C@H](CO)NC(=O)CCCCCCC\C=C/CCCCCCCC
4653,181827,74450,1,6,981,CCCCCCCCCCCCC\C=C\[C@@H](O)[C@H](CO)NC(=O)CCCCCCCCCCCCC\C=C/CCCCCCCC
4654,181827,72968,1,7,981,CCCCCCCCCCCCCCCCCCCCCCCCCC(=O)N[C@@H](CO)[C@H](O)\C=C\CCCCCCCCCCCCC
4655,181827,72962,1,8,981,CCCCCCCCCCCCCCCCCCCC(=O)N[C@@H](CO)[C@H](O)\C=C\CCCCCCCCCCCCC
4656,181827,72966,1,9,981,CCCCCCCCCCCCCCCCCCCCCC(=O)N[C@@H](CO)[C@H](O)\C=C\CCCCCCCCCCCCC
4657,181827,72956,1,10,981,CCCCCCCCCCCCC\C=C\[C@@H](O)[C@H](CO)NC(=O)CCCCCCCCCCC
,,,,,,
,user,item,rating,index_item,index_user,
4650,181827,72961,1,3,981,CCCCCCCCCCCCCCCCCC(=O)N[C@@H](CO)[C@H](O)\C=C\CCCCCCCCCCCCC
4654,181827,72968,1,7,981,CCCCCCCCCCCCCCCCCCCCCCCCCC(=O)N[C@@H](CO)[C@H](O)\C=C\CCCCCCCCCCCCC
4656,181827,72966,1,9,981,CCCCCCCCCCCCCCCCCCCCCC(=O)N[C@@H](CO)[C@H](O)\C=C\CCCCCCCCCCCCC
,,,,,,
,,,,,,
,,,,,,
,,,,,,
,,,,,,
,user,item,rating,index_item,index_user,
4255,165553,17568,1,18,883,O=c1cc[nH]c(=O)[nH]1
4256,165553,15956,1,30,883,[H][C@]12CS[C@@H](CCCCC(O)=O)[C@@]1([H])NC(=O)N2
,,,,,,
,user,item,rating,index_item,index_user,
4255,165553,17568,1,18,883,O=c1cc[nH]c(=O)[nH]1
,,,,,,
,,,,,,
,,,,,,
,,,,,,
,user,item,rating,index_item,index_user,
1469,64903,4208,1,16,279,OC[C@H]1OC(O)[C@@H](O)[C@@H](O)[C@@H]1O
1470,64903,15746,1,11,279,NCCCNCCCCNCCCN
1471,64903,17754,1,17,279,OCC(O)CO
1472,64903,17568,1,18,279,O=c1cc[nH]c(=O)[nH]1
1473,64903,17151,1,12,279,OC[C@H](O)[C@@H](O)[C@H](O)CO
1474,64903,4167,1,19,279,OC[C@H]1OC(O)[C@H](O)[C@@H](O)[C@@H]1O
1475,64903,15428,1,20,279,NCC(O)=O
1476,64903,16467,1,21,279,N[C@@H](CCCNC(N)=N)C(O)=O
1477,64903,15971,1,22,279,N[C@@H](Cc1c[nH]cn1)C(O)=O
1478,64903,16196,1,23,279,CCCCCCCC\C=C/CCCCCCCC(O)=O
1479,64903,29073,1,24,279,[H][C@@]1(OC(=O)C(O)=C1O)[C@@H](O)CO
1480,64903,17115,1,25,279,N[C@@H](CO)C(O)=O
1481,64903,15756,1,13,279,CCCCCCCCCCCCCCCC(O)=O
1482,64903,16828,1,26,279,N[C@@H](Cc1c[nH]c2ccccc12)C(O)=O
1483,64903,28061,1,27,279,OC[C@H]1O[C@H](O)[C@H](O)[C@@H](O)[C@H]1O
1484,64903,17268,1,28,279,O[C@H]1[C@H](O)[C@@H](O)[C@H](O)[C@H](O)[C@@H]1O
1485,64903,18095,1,29,279,[C@H]1(C[C@@H](O)CN1)C(O)=O
1486,64903,16958,1,14,279,NCCC(O)=O
1487,64903,15956,1,30,279,[H][C@]12CS[C@@H](CCCCC(O)=O)[C@@]1([H])NC(=O)N2
1488,64903,16737,1,31,279,CN1CC(=O)NC1=N
1489,64903,30769,1,0,279,OC(=O)CC(O)(CC(O)=O)C(O)=O
1490,64903,21547,1,1,279,CC(=O)N[C@@H](CC(O)=O)C(O)=O
1491,64903,16349,1,32,279,N[C@@H](CCCNC(N)=O)C(O)=O
1492,64903,16015,1,15,279,N[C@@H](CCC(O)=O)C(O)=O
1493,64903,18050,1,33,279,N[C@@H](CCC(N)=O)C(O)=O
1494,64903,17295,1,34,279,N[C@@H](Cc1ccccc1)C(O)=O
1495,64903,17203,1,35,279,OC(=O)[C@@H]1CCCN1
1496,64903,17992,1,36,279,OC[C@H]1O[C@H](O[C@]2(CO)O[C@H](CO)[C@@H](O)[C@@H]2O)[C@H](O)[C@@H](O)[C@@H]1O
1497,64903,16680,1,37,279,N[C@@H](CCSC[C@H]1O[C@H]([C@H](O)[C@@H]1O)n1cnc2c(N)ncnc12)C(O)=O
1498,64903,27732,1,38,279,Cn1cnc2n(C)c(=O)n(C)c(=O)c12
1499,64903,18344,1,39,279,OC(=O)c1cc(O)c2ccccc2n1
1500,64903,17154,1,40,279,NC(=O)c1cccnc1
1501,64903,15891,1,41,279,C(CS(O)(=O)=O)N
1502,64903,18367,1,42,279,[O-]P([O-])([O-])=O
,,,,,,
,user,item,rating,index_item,index_user,
1471,64903,17754,1,17,279,OCC(O)CO
1472,64903,17568,1,18,279,O=c1cc[nH]c(=O)[nH]1
1484,64903,17268,1,28,279,O[C@H]1[C@H](O)[C@@H](O)[C@H](O)[C@H](O)[C@@H]1O
1488,64903,16737,1,31,279,CN1CC(=O)NC1=N
1489,64903,30769,1,0,279,OC(=O)CC(O)(CC(O)=O)C(O)=O
1492,64903,16015,1,15,279,N[C@@H](CCC(O)=O)C(O)=O
1497,64903,16680,1,37,279,N[C@@H](CCSC[C@H]1O[C@H]([C@H](O)[C@@H]1O)n1cnc2c(N)ncnc12)C(O)=O
1499,64903,18344,1,39,279,OC(=O)c1cc(O)c2ccccc2n1
,,,,,,
,,,,,,
,,,,,,
,,,,,,
,,,,,,
,user,item,rating,index_item,index_user,
1973,83169,45081,1,88,400,C(CCCOC1=CC=C(C=C1)C(N)=N)COC2=CC=C(C=C2)C(N)=N
1974,83169,16189,1,65,400,[O-]S([O-])(=O)=O
,,,,,,
,,,,,,
1974,83169,16189,1,65,400,[O-]S([O-])(=O)=O
,,,,,,
,,,,,,
,,,,,,
,user,item,rating,index_item,index_user,
793,30720,17754,1,17,122,OCC(O)CO
794,30720,15971,1,22,122,N[C@@H](Cc1c[nH]cn1)C(O)=O
,,,,,,
,user,item,rating,index_item,index_user,
793,30720,17754,1,17,122,OCC(O)CO
,,,,,,
,,,,,,
,,,,,,
,user,item,rating,index_item,index_user,
1104,50422,15354,1,56,202,C[N+](C)(C)CCO
1105,50422,4167,1,19,202,OC[C@H]1OC(O)[C@H](O)[C@@H](O)[C@@H]1O
1106,50422,30751,1,48,202,[H]C(O)=O
1107,50422,16828,1,26,202,N[C@@H](Cc1c[nH]c2ccccc12)C(O)=O
1108,50422,16919,1,57,202,CN(CC(O)=O)C(N)=N
1109,50422,16737,1,31,202,CN1CC(=O)NC1=N
1110,50422,30769,1,0,202,OC(=O)CC(O)(CC(O)=O)C(O)=O
1111,50422,16015,1,15,202,N[C@@H](CCC(O)=O)C(O)=O
1112,50422,18050,1,33,202,N[C@@H](CCC(N)=O)C(O)=O
,,,,,,
,user,item,rating,index_item,index_user,
1109,50422,16737,1,31,202,CN1CC(=O)NC1=N
1110,50422,30769,1,0,202,OC(=O)CC(O)(CC(O)=O)C(O)=O
1111,50422,16015,1,15,202,N[C@@H](CCC(O)=O)C(O)=O
,,,,,,
,,,,,,
,,,,,,
,user,item,rating,index_item,index_user,
4017,157697,17754,1,17,835,OCC(O)CO
4018,157697,16467,1,21,835,N[C@@H](CCCNC(N)=N)C(O)=O
4019,157697,15971,1,22,835,N[C@@H](Cc1c[nH]cn1)C(O)=O
4020,157697,17115,1,25,835,N[C@@H](CO)C(O)=O
4021,157697,15756,1,13,835,CCCCCCCCCCCCCCCC(O)=O
4022,157697,16828,1,26,835,N[C@@H](Cc1c[nH]c2ccccc12)C(O)=O
4023,157697,17268,1,28,835,O[C@H]1[C@H](O)[C@@H](O)[C@H](O)[C@H](O)[C@@H]1O
4024,157697,18050,1,33,835,N[C@@H](CCC(N)=O)C(O)=O
4025,157697,17295,1,34,835,N[C@@H](Cc1ccccc1)C(O)=O
4026,157697,17203,1,35,835,OC(=O)[C@@H]1CCCN1
,,,,,,
,user,item,rating,index_item,index_user,
4017,157697,17754,1,17,835,OCC(O)CO
4023,157697,17268,1,28,835,O[C@H]1[C@H](O)[C@@H](O)[C@H](O)[C@H](O)[C@@H]1O
,,,,,,
,,,,,,
,,,,,,
,,,,,,
,user,item,rating,index_item,index_user,
5184,191381,164200,1,69,1124,Oc1cc(Cl)ccc1Oc1ccc(Cl)cc1Cl
5185,191381,30772,2,53,1124,CCCC(O)=O
5186,191381,16236,1,61,1124,CCO
5187,191381,17688,1,64,1124,[H][C@]1(CCCN1C)C1=CC=CN=C1
5188,191381,18050,1,33,1124,N[C@@H](CCC(N)=O)C(O)=O
5189,191381,15864,1,62,1124,OC1=CC(O)=C2C(=O)C=C(OC2=C1)C1=CC=C(O)C(O)=C1
5190,191381,17154,1,40,1124,NC(=O)c1cccnc1
5191,191381,2636,1,83,1124,NCCCNCCSP(O)(O)=O
5192,191381,15379,1,99,1124,O=O
5193,191381,134301,1,80,1124,OC(=O)[C@@H](CC1=CC(O)=C(O)C=C1)OC(=O)\C=C\C1=C2[C@@H]([C@H](OC2=C(O)C=C1)C1=CC(O)=C(O)C=C1)C(=O)O[C@H](CC1=CC(O)=C(O)C=C1)C(O)=O
5194,191381,140908,1,55,1124,C1(=CC=CC=C1CN2C(N(CCC2)CC=3C(=CC=CC3)N(C)C)C=4C=CN=CC4)N(C)C
,,,,,,
,user,item,rating,index_item,index_user,
5189,191381,15864,1,62,1124,OC1=CC(O)=C2C(=O)C=C(OC2=C1)C1=CC=C(O)C(O)=C1
,,,,,,
,,,,,,
,,,,,,
,user,item,rating,index_item,index_user,
1895,78686,17568,1,18,384,O=c1cc[nH]c(=O)[nH]1
1896,78686,18095,1,29,384,[C@H]1(C[C@@H](O)CN1)C(O)=O
1897,78686,17154,1,40,384,NC(=O)c1cccnc1
,,,,,,
,user,item,rating,index_item,index_user,
1895,78686,17568,1,18,384,O=c1cc[nH]c(=O)[nH]1
,,,,,,
,,,,,,
,,,,,,
,user,item,rating,index_item,index_user,
4112,161294,4208,1,16,854,OC[C@H]1OC(O)[C@@H](O)[C@@H](O)[C@@H]1O
4113,161294,15746,1,11,854,NCCCNCCCCNCCCN
4114,161294,17754,1,17,854,OCC(O)CO
4115,161294,17568,1,18,854,O=c1cc[nH]c(=O)[nH]1
4116,161294,17151,1,12,854,OC[C@H](O)[C@@H](O)[C@H](O)CO
4117,161294,4167,1,19,854,OC[C@H]1OC(O)[C@H](O)[C@@H](O)[C@@H]1O
4118,161294,15428,1,20,854,NCC(O)=O
4119,161294,16467,1,21,854,N[C@@H](CCCNC(N)=N)C(O)=O
4120,161294,15971,1,22,854,N[C@@H](Cc1c[nH]cn1)C(O)=O
4121,161294,16196,1,23,854,CCCCCCCC\C=C/CCCCCCCC(O)=O
4122,161294,29073,1,24,854,[H][C@@]1(OC(=O)C(O)=C1O)[C@@H](O)CO
4123,161294,17115,1,25,854,N[C@@H](CO)C(O)=O
4124,161294,15756,1,13,854,CCCCCCCCCCCCCCCC(O)=O
4125,161294,16828,1,26,854,N[C@@H](Cc1c[nH]c2ccccc12)C(O)=O
4126,161294,28061,1,27,854,OC[C@H]1O[C@H](O)[C@H](O)[C@@H](O)[C@H]1O
4127,161294,17268,1,28,854,O[C@H]1[C@H](O)[C@@H](O)[C@H](O)[C@H](O)[C@@H]1O
4128,161294,18095,1,29,854,[C@H]1(C[C@@H](O)CN1)C(O)=O
4129,161294,16958,1,14,854,NCCC(O)=O
4130,161294,15956,1,30,854,[H][C@]12CS[C@@H](CCCCC(O)=O)[C@@]1([H])NC(=O)N2
4131,161294,16737,1,31,854,CN1CC(=O)NC1=N
4132,161294,30769,1,0,854,OC(=O)CC(O)(CC(O)=O)C(O)=O
4133,161294,21547,1,1,854,CC(=O)N[C@@H](CC(O)=O)C(O)=O
4134,161294,16349,1,32,854,N[C@@H](CCCNC(N)=O)C(O)=O
4135,161294,16015,1,15,854,N[C@@H](CCC(O)=O)C(O)=O
4136,161294,18050,1,33,854,N[C@@H](CCC(N)=O)C(O)=O
4137,161294,17295,1,34,854,N[C@@H](Cc1ccccc1)C(O)=O
4138,161294,17203,1,35,854,OC(=O)[C@@H]1CCCN1
4139,161294,17992,1,36,854,OC[C@H]1O[C@H](O[C@]2(CO)O[C@H](CO)[C@@H](O)[C@@H]2O)[C@H](O)[C@@H](O)[C@@H]1O
4140,161294,16680,1,37,854,N[C@@H](CCSC[C@H]1O[C@H]([C@H](O)[C@@H]1O)n1cnc2c(N)ncnc12)C(O)=O
4141,161294,27732,1,38,854,Cn1cnc2n(C)c(=O)n(C)c(=O)c12
4142,161294,18344,1,39,854,OC(=O)c1cc(O)c2ccccc2n1
4143,161294,17154,1,40,854,NC(=O)c1cccnc1
4144,161294,15891,1,41,854,C(CS(O)(=O)=O)N
4145,161294,18367,1,42,854,[O-]P([O-])([O-])=O
,,,,,,
,user,item,rating,index_item,index_user,
4114,161294,17754,1,17,854,OCC(O)CO
4115,161294,17568,1,18,854,O=c1cc[nH]c(=O)[nH]1
4127,161294,17268,1,28,854,O[C@H]1[C@H](O)[C@@H](O)[C@H](O)[C@H](O)[C@@H]1O
4131,161294,16737,1,31,854,CN1CC(=O)NC1=N
4132,161294,30769,1,0,854,OC(=O)CC(O)(CC(O)=O)C(O)=O
4135,161294,16015,1,15,854,N[C@@H](CCC(O)=O)C(O)=O
4140,161294,16680,1,37,854,N[C@@H](CCSC[C@H]1O[C@H]([C@H](O)[C@@H]1O)n1cnc2c(N)ncnc12)C(O)=O
4142,161294,18344,1,39,854,OC(=O)c1cc(O)c2ccccc2n1
,,,,,,
,,,,,,
,,,,,,
,,,,,,
,user,item,rating,index_item,index_user,
3057,116026,4208,1,16,641,OC[C@H]1OC(O)[C@@H](O)[C@@H](O)[C@@H]1O
3058,116026,17754,1,17,641,OCC(O)CO
3059,116026,17568,1,18,641,O=c1cc[nH]c(=O)[nH]1
3060,116026,17151,1,12,641,OC[C@H](O)[C@@H](O)[C@H](O)CO
3061,116026,4167,1,19,641,OC[C@H]1OC(O)[C@H](O)[C@@H](O)[C@@H]1O
3062,116026,15428,1,20,641,NCC(O)=O
3063,116026,28061,1,27,641,OC[C@H]1O[C@H](O)[C@H](O)[C@@H](O)[C@H]1O
3064,116026,17268,1,28,641,O[C@H]1[C@H](O)[C@@H](O)[C@H](O)[C@H](O)[C@@H]1O
3065,116026,16015,1,15,641,N[C@@H](CCC(O)=O)C(O)=O
,,,,,,
,user,item,rating,index_item,index_user,
3058,116026,17754,1,17,641,OCC(O)CO
3059,116026,17568,1,18,641,O=c1cc[nH]c(=O)[nH]1
3064,116026,17268,1,28,641,O[C@H]1[C@H](O)[C@@H](O)[C@H](O)[C@H](O)[C@@H]1O
3065,116026,16015,1,15,641,N[C@@H](CCC(O)=O)C(O)=O
,,,,,,
,,,,,,
,,,,,,
,user,item,rating,index_item,index_user,
11,1151,15746,1,11,1,NCCCNCCCCNCCCN
12,1151,17151,1,12,1,OC[C@H](O)[C@@H](O)[C@H](O)CO
13,1151,15756,1,13,1,CCCCCCCCCCCCCCCC(O)=O
14,1151,16958,1,14,1,NCCC(O)=O
15,1151,16015,1,15,1,N[C@@H](CCC(O)=O)C(O)=O
,,,,,,
,user,item,rating,index_item,index_user,
15,1151,16015,1,15,1,N[C@@H](CCC(O)=O)C(O)=O
,,,,,,
,,,,,,
,,,,,,
,user,item,rating,index_item,index_user,
732,28631,4208,1,16,112,OC[C@H]1OC(O)[C@@H](O)[C@@H](O)[C@@H]1O
733,28631,15746,1,11,112,NCCCNCCCCNCCCN
734,28631,17754,1,17,112,OCC(O)CO
735,28631,17568,1,18,112,O=c1cc[nH]c(=O)[nH]1
736,28631,17151,1,12,112,OC[C@H](O)[C@@H](O)[C@H](O)CO
737,28631,4167,1,19,112,OC[C@H]1OC(O)[C@H](O)[C@@H](O)[C@@H]1O
738,28631,15428,1,20,112,NCC(O)=O
739,28631,16467,1,21,112,N[C@@H](CCCNC(N)=N)C(O)=O
740,28631,15971,1,22,112,N[C@@H](Cc1c[nH]cn1)C(O)=O
741,28631,16196,1,23,112,CCCCCCCC\C=C/CCCCCCCC(O)=O
742,28631,29073,1,24,112,[H][C@@]1(OC(=O)C(O)=C1O)[C@@H](O)CO
743,28631,17115,1,25,112,N[C@@H](CO)C(O)=O
744,28631,15756,1,13,112,CCCCCCCCCCCCCCCC(O)=O
745,28631,16828,1,26,112,N[C@@H](Cc1c[nH]c2ccccc12)C(O)=O
746,28631,28061,1,27,112,OC[C@H]1O[C@H](O)[C@H](O)[C@@H](O)[C@H]1O
747,28631,17268,1,28,112,O[C@H]1[C@H](O)[C@@H](O)[C@H](O)[C@H](O)[C@@H]1O
748,28631,18095,1,29,112,[C@H]1(C[C@@H](O)CN1)C(O)=O
749,28631,16958,1,14,112,NCCC(O)=O
750,28631,15956,1,30,112,[H][C@]12CS[C@@H](CCCCC(O)=O)[C@@]1([H])NC(=O)N2
751,28631,16737,1,31,112,CN1CC(=O)NC1=N
752,28631,30769,1,0,112,OC(=O)CC(O)(CC(O)=O)C(O)=O
753,28631,21547,1,1,112,CC(=O)N[C@@H](CC(O)=O)C(O)=O
754,28631,16349,1,32,112,N[C@@H](CCCNC(N)=O)C(O)=O
755,28631,16015,1,15,112,N[C@@H](CCC(O)=O)C(O)=O
756,28631,18050,1,33,112,N[C@@H](CCC(N)=O)C(O)=O
757,28631,17295,1,34,112,N[C@@H](Cc1ccccc1)C(O)=O
758,28631,17203,1,35,112,OC(=O)[C@@H]1CCCN1
759,28631,17992,1,36,112,OC[C@H]1O[C@H](O[C@]2(CO)O[C@H](CO)[C@@H](O)[C@@H]2O)[C@H](O)[C@@H](O)[C@@H]1O
760,28631,16680,1,37,112,N[C@@H](CCSC[C@H]1O[C@H]([C@H](O)[C@@H]1O)n1cnc2c(N)ncnc12)C(O)=O
761,28631,27732,1,38,112,Cn1cnc2n(C)c(=O)n(C)c(=O)c12
762,28631,18344,1,39,112,OC(=O)c1cc(O)c2ccccc2n1
763,28631,17154,1,40,112,NC(=O)c1cccnc1
764,28631,15891,1,41,112,C(CS(O)(=O)=O)N
765,28631,18367,1,42,112,[O-]P([O-])([O-])=O
,,,,,,
,user,item,rating,index_item,index_user,
734,28631,17754,1,17,112,OCC(O)CO
735,28631,17568,1,18,112,O=c1cc[nH]c(=O)[nH]1
747,28631,17268,1,28,112,O[C@H]1[C@H](O)[C@@H](O)[C@H](O)[C@H](O)[C@@H]1O
751,28631,16737,1,31,112,CN1CC(=O)NC1=N
752,28631,30769,1,0,112,OC(=O)CC(O)(CC(O)=O)C(O)=O
755,28631,16015,1,15,112,N[C@@H](CCC(O)=O)C(O)=O
760,28631,16680,1,37,112,N[C@@H](CCSC[C@H]1O[C@H]([C@H](O)[C@@H]1O)n1cnc2c(N)ncnc12)C(O)=O
762,28631,18344,1,39,112,OC(=O)c1cc(O)c2ccccc2n1
,,,,,,
,,,,,,
,,,,,,
,,,,,,
,,,,,,
,,,,,,
,user,item,rating,index_item,index_user,
2143,85904,15746,1,11,441,NCCCNCCCCNCCCN
2144,85904,17151,1,12,441,OC[C@H](O)[C@@H](O)[C@H](O)CO
2145,85904,15756,1,13,441,CCCCCCCCCCCCCCCC(O)=O
2146,85904,16958,1,14,441,NCCC(O)=O
2147,85904,37550,1,50,441,CCCCCCCCCCCCC\C=C\[C@@H](O)[C@@H](N)COP(O)(O)=O
2148,85904,16015,1,15,441,N[C@@H](CCC(O)=O)C(O)=O
,,,,,,
,user,item,rating,index_item,index_user,
2147,85904,37550,1,50,441,CCCCCCCCCCCCC\C=C\[C@@H](O)[C@@H](N)COP(O)(O)=O
2148,85904,16015,1,15,441,N[C@@H](CCC(O)=O)C(O)=O
,,,,,,
,,,,,,
,,,,,,
,,,,,,
,,,,,,
,,,,,,
,,,,,,
,,,,,,
,,,,,,
,,,,,,
,,,,,,
,,,,,,
,,,,,,
,user,item,rating,index_item,index_user,
3080,117870,37550,1,50,645,CCCCCCCCCCCCC\C=C\[C@@H](O)[C@@H](N)COP(O)(O)=O
3081,117870,72961,1,3,645,CCCCCCCCCCCCCCCCCC(=O)N[C@@H](CO)[C@H](O)\C=C\CCCCCCCCCCCCC
3082,117870,72959,1,4,645,CCCCCCCCCCCCCCCC(=O)N[C@@H](CO)[C@H](O)\C=C\CCCCCCCCCCCCC
3083,117870,76591,1,46,645,C[C@@H](CO)CCC[C@@H](C)[C@H]1CC[C@H]2[C@@H]3CC=C4C[C@@H](O)CC[C@]4(C)[C@H]3CC[C@]12C
3084,117870,77996,1,5,645,CCCCCCCCCCCCC\C=C\[C@@H](O)[C@H](CO)NC(=O)CCCCCCC\C=C/CCCCCCCC
3085,117870,74450,1,6,645,CCCCCCCCCCCCC\C=C\[C@@H](O)[C@H](CO)NC(=O)CCCCCCCCCCCCC\C=C/CCCCCCCC
3086,117870,72968,1,7,645,CCCCCCCCCCCCCCCCCCCCCCCCCC(=O)N[C@@H](CO)[C@H](O)\C=C\CCCCCCCCCCCCC
3087,117870,72962,1,8,645,CCCCCCCCCCCCCCCCCCCC(=O)N[C@@H](CO)[C@H](O)\C=C\CCCCCCCCCCCCC
3088,117870,72966,1,9,645,CCCCCCCCCCCCCCCCCCCCCC(=O)N[C@@H](CO)[C@H](O)\C=C\CCCCCCCCCCCCC
3089,117870,72956,1,10,645,CCCCCCCCCCCCC\C=C\[C@@H](O)[C@H](CO)NC(=O)CCCCCCCCCCC
,,,,,,
,user,item,rating,index_item,index_user,
3080,117870,37550,1,50,645,CCCCCCCCCCCCC\C=C\[C@@H](O)[C@@H](N)COP(O)(O)=O
3081,117870,72961,1,3,645,CCCCCCCCCCCCCCCCCC(=O)N[C@@H](CO)[C@H](O)\C=C\CCCCCCCCCCCCC
3083,117870,76591,1,46,645,C[C@@H](CO)CCC[C@@H](C)[C@H]1CC[C@H]2[C@@H]3CC=C4C[C@@H](O)CC[C@]4(C)[C@H]3CC[C@]12C
3086,117870,72968,1,7,645,CCCCCCCCCCCCCCCCCCCCCCCCCC(=O)N[C@@H](CO)[C@H](O)\C=C\CCCCCCCCCCCCC
3088,117870,72966,1,9,645,CCCCCCCCCCCCCCCCCCCCCC(=O)N[C@@H](CO)[C@H](O)\C=C\CCCCCCCCCCCCC
,,,,,,
,,,,,,
,,,,,,
,user,item,rating,index_item,index_user,
4811,186301,17568,1,18,1012,O=c1cc[nH]c(=O)[nH]1
4812,186301,28088,1,52,1012,OC1=CC=C(C=C1)C1=COC2=C(C(O)=CC(O)=C2)C1=O
4813,186301,15940,1,72,1012,OC(=O)c1cccnc1
4814,186301,27693,1,67,1012,[H][C@@]1(CC[C@@]2([H])[C@]3([H])CC=C4C[C@@H](O)CC[C@]4(C)[C@@]3([H])CC[C@]12C)[C@H](C)CC[C@@H](CC)C(C)C
,,,,,,
,user,item,rating,index_item,index_user,
4811,186301,17568,1,18,1012,O=c1cc[nH]c(=O)[nH]1
,,,,,,
,,,,,,
,,,,,,
,,,,,,
,user,item,rating,index_item,index_user,
3235,123690,4208,1,16,681,OC[C@H]1OC(O)[C@@H](O)[C@@H](O)[C@@H]1O
3236,123690,17754,1,17,681,OCC(O)CO
3237,123690,17568,1,18,681,O=c1cc[nH]c(=O)[nH]1
3238,123690,4167,1,19,681,OC[C@H]1OC(O)[C@H](O)[C@@H](O)[C@@H]1O
3239,123690,16467,1,21,681,N[C@@H](CCCNC(N)=N)C(O)=O
3240,123690,17115,1,25,681,N[C@@H](CO)C(O)=O
3241,123690,15756,1,13,681,CCCCCCCCCCCCCCCC(O)=O
3242,123690,17268,1,28,681,O[C@H]1[C@H](O)[C@@H](O)[C@H](O)[C@H](O)[C@@H]1O
3243,123690,17992,1,36,681,OC[C@H]1O[C@H](O[C@]2(CO)O[C@H](CO)[C@@H](O)[C@@H]2O)[C@H](O)[C@@H](O)[C@@H]1O
3244,123690,16189,1,65,681,[O-]S([O-])(=O)=O
3245,123690,16680,1,37,681,N[C@@H](CCSC[C@H]1O[C@H]([C@H](O)[C@@H]1O)n1cnc2c(N)ncnc12)C(O)=O
3246,123690,16134,1,66,681,[H]N([H])[H]
,,,,,,
,user,item,rating,index_item,index_user,
3236,123690,17754,1,17,681,OCC(O)CO
3237,123690,17568,1,18,681,O=c1cc[nH]c(=O)[nH]1
3242,123690,17268,1,28,681,O[C@H]1[C@H](O)[C@@H](O)[C@H](O)[C@H](O)[C@@H]1O
3244,123690,16189,1,65,681,[O-]S([O-])(=O)=O
3245,123690,16680,1,37,681,N[C@@H](CCSC[C@H]1O[C@H]([C@H](O)[C@@H]1O)n1cnc2c(N)ncnc12)C(O)=O
,,,,,,
,,,,,,
,,,,,,
,,,,,,
,user,item,rating,index_item,index_user,
2471,97662,4031,1,75,524,CC[C@@H]1NC(=O)[C@H]([C@H](O)[C@H](C)C\C=C\C)N(C)C(=O)[C@H](C(C)C)N(C)C(=O)[C@H](CC(C)C)N(C)C(=O)[C@H](CC(C)C)N(C)C(=O)[C@@H](C)NC(=O)[C@H](C)NC(=O)[C@H](CC(C)C)N(C)C(=O)[C@@H](NC(=O)[C@H](CC(C)C)N(C)C(=O)CN(C)C1=O)C(C)C
2472,97662,18050,1,33,524,N[C@@H](CCC(N)=O)C(O)=O
2473,97662,15367,1,60,524,CC(\C=C\C1=C(C)CCCC1(C)C)=C/C=C/C(C)=C/C(O)=O
2474,97662,27693,1,67,524,[H][C@@]1(CC[C@@]2([H])[C@]3([H])CC=C4C[C@@H](O)CC[C@]4(C)[C@@]3([H])CC[C@]12C)[C@H](C)CC[C@@H](CC)C(C)C
2475,97662,15864,2,62,524,OC1=CC(O)=C2C(=O)C=C(OC2=C1)C1=CC=C(O)C(O)=C1
2476,97662,71954,1,85,524,Nc1cc(c(cn1)-c1cc(nc(n1)N1CCOCC1)N1CCOCC1)C(F)(F)F
2477,97662,134301,2,80,524,OC(=O)[C@@H](CC1=CC(O)=C(O)C=C1)OC(=O)\C=C\C1=C2[C@@H]([C@H](OC2=C(O)C=C1)C1=CC(O)=C(O)C=C1)C(=O)O[C@H](CC1=CC(O)=C(O)C=C1)C(O)=O
,,,,,,
,user,item,rating,index_item,index_user,
2475,97662,15864,2,62,524,OC1=CC(O)=C2C(=O)C=C(OC2=C1)C1=CC=C(O)C(O)=C1
,,,,,,
,,,,,,
,,,,,,
,,,,,,
,user,item,rating,index_item,index_user,
3626,138103,37550,1,50,748,CCCCCCCCCCCCC\C=C\[C@@H](O)[C@@H](N)COP(O)(O)=O
3627,138103,72961,1,3,748,CCCCCCCCCCCCCCCCCC(=O)N[C@@H](CO)[C@H](O)\C=C\CCCCCCCCCCCCC
3628,138103,72959,1,4,748,CCCCCCCCCCCCCCCC(=O)N[C@@H](CO)[C@H](O)\C=C\CCCCCCCCCCCCC
3629,138103,76591,1,46,748,C[C@@H](CO)CCC[C@@H](C)[C@H]1CC[C@H]2[C@@H]3CC=C4C[C@@H](O)CC[C@]4(C)[C@H]3CC[C@]12C
3630,138103,77996,1,5,748,CCCCCCCCCCCCC\C=C\[C@@H](O)[C@H](CO)NC(=O)CCCCCCC\C=C/CCCCCCCC
3631,138103,74450,1,6,748,CCCCCCCCCCCCC\C=C\[C@@H](O)[C@H](CO)NC(=O)CCCCCCCCCCCCC\C=C/CCCCCCCC
3632,138103,72968,1,7,748,CCCCCCCCCCCCCCCCCCCCCCCCCC(=O)N[C@@H](CO)[C@H](O)\C=C\CCCCCCCCCCCCC
3633,138103,72962,1,8,748,CCCCCCCCCCCCCCCCCCCC(=O)N[C@@H](CO)[C@H](O)\C=C\CCCCCCCCCCCCC
3634,138103,72966,1,9,748,CCCCCCCCCCCCCCCCCCCCCC(=O)N[C@@H](CO)[C@H](O)\C=C\CCCCCCCCCCCCC
3635,138103,72956,1,10,748,CCCCCCCCCCCCC\C=C\[C@@H](O)[C@H](CO)NC(=O)CCCCCCCCCCC
,,,,,,
,user,item,rating,index_item,index_user,
3626,138103,37550,1,50,748,CCCCCCCCCCCCC\C=C\[C@@H](O)[C@@H](N)COP(O)(O)=O
3627,138103,72961,1,3,748,CCCCCCCCCCCCCCCCCC(=O)N[C@@H](CO)[C@H](O)\C=C\CCCCCCCCCCCCC
3629,138103,76591,1,46,748,C[C@@H](CO)CCC[C@@H](C)[C@H]1CC[C@H]2[C@@H]3CC=C4C[C@@H](O)CC[C@]4(C)[C@H]3CC[C@]12C
3632,138103,72968,1,7,748,CCCCCCCCCCCCCCCCCCCCCCCCCC(=O)N[C@@H](CO)[C@H](O)\C=C\CCCCCCCCCCCCC
3634,138103,72966,1,9,748,CCCCCCCCCCCCCCCCCCCCCC(=O)N[C@@H](CO)[C@H](O)\C=C\CCCCCCCCCCCCC
,,,,,,
,,,,,,
,,,,,,
,user,item,rating,index_item,index_user,
5066,189586,17754,1,17,1094,OCC(O)CO
5067,189586,16467,1,21,1094,N[C@@H](CCCNC(N)=N)C(O)=O
5068,189586,15971,1,22,1094,N[C@@H](Cc1c[nH]cn1)C(O)=O
5069,189586,17115,1,25,1094,N[C@@H](CO)C(O)=O
5070,189586,15756,1,13,1094,CCCCCCCCCCCCCCCC(O)=O
5071,189586,16828,1,26,1094,N[C@@H](Cc1c[nH]c2ccccc12)C(O)=O
5072,189586,17268,1,28,1094,O[C@H]1[C@H](O)[C@@H](O)[C@H](O)[C@H](O)[C@@H]1O
5073,189586,37550,1,50,1094,CCCCCCCCCCCCC\C=C\[C@@H](O)[C@@H](N)COP(O)(O)=O
5074,189586,18050,1,33,1094,N[C@@H](CCC(N)=O)C(O)=O
5075,189586,17295,1,34,1094,N[C@@H](Cc1ccccc1)C(O)=O
5076,189586,17203,1,35,1094,OC(=O)[C@@H]1CCCN1
,,,,,,
,user,item,rating,index_item,index_user,
5066,189586,17754,1,17,1094,OCC(O)CO
5072,189586,17268,1,28,1094,O[C@H]1[C@H](O)[C@@H](O)[C@H](O)[C@H](O)[C@@H]1O
5073,189586,37550,1,50,1094,CCCCCCCCCCCCC\C=C\[C@@H](O)[C@@H](N)COP(O)(O)=O
,,,,,,
,,,,,,
,,,,,,
,,,,,,
,,,,,,
,,,,,,
,,,,,,
,user,item,rating,index_item,index_user,
3608,136961,28088,1,52,742,OC1=CC=C(C=C1)C1=COC2=C(C(O)=CC(O)=C2)C1=O
3609,136961,15864,1,62,742,OC1=CC(O)=C2C(=O)C=C(OC2=C1)C1=CC=C(O)C(O)=C1
3610,136961,8093,1,63,742,CNC[C@H](O)c1cccc(O)c1
,,,,,,
,user,item,rating,index_item,index_user,
3609,136961,15864,1,62,742,OC1=CC(O)=C2C(=O)C=C(OC2=C1)C1=CC=C(O)C(O)=C1
,,,,,,
,,,,,,
,,,,,,
,,,,,,
,,,,,,
,,,,,,
,user,item,rating,index_item,index_user,
1117,51593,17754,1,17,206,OCC(O)CO
1118,51593,15971,1,22,206,N[C@@H](Cc1c[nH]cn1)C(O)=O
,,,,,,
,user,item,rating,index_item,index_user,
1117,51593,17754,1,17,206,OCC(O)CO
,,,,,,
,,,,,,
,,,,,,
,user,item,rating,index_item,index_user,
1907,79669,37550,1,50,392,CCCCCCCCCCCCC\C=C\[C@@H](O)[C@@H](N)COP(O)(O)=O
1908,79669,72961,1,3,392,CCCCCCCCCCCCCCCCCC(=O)N[C@@H](CO)[C@H](O)\C=C\CCCCCCCCCCCCC
1909,79669,72959,1,4,392,CCCCCCCCCCCCCCCC(=O)N[C@@H](CO)[C@H](O)\C=C\CCCCCCCCCCCCC
1910,79669,76591,1,46,392,C[C@@H](CO)CCC[C@@H](C)[C@H]1CC[C@H]2[C@@H]3CC=C4C[C@@H](O)CC[C@]4(C)[C@H]3CC[C@]12C
1911,79669,77996,1,5,392,CCCCCCCCCCCCC\C=C\[C@@H](O)[C@H](CO)NC(=O)CCCCCCC\C=C/CCCCCCCC
1912,79669,74450,1,6,392,CCCCCCCCCCCCC\C=C\[C@@H](O)[C@H](CO)NC(=O)CCCCCCCCCCCCC\C=C/CCCCCCCC
1913,79669,72968,1,7,392,CCCCCCCCCCCCCCCCCCCCCCCCCC(=O)N[C@@H](CO)[C@H](O)\C=C\CCCCCCCCCCCCC
1914,79669,72962,1,8,392,CCCCCCCCCCCCCCCCCCCC(=O)N[C@@H](CO)[C@H](O)\C=C\CCCCCCCCCCCCC
1915,79669,72966,1,9,392,CCCCCCCCCCCCCCCCCCCCCC(=O)N[C@@H](CO)[C@H](O)\C=C\CCCCCCCCCCCCC
1916,79669,72956,1,10,392,CCCCCCCCCCCCC\C=C\[C@@H](O)[C@H](CO)NC(=O)CCCCCCCCCCC
,,,,,,
,user,item,rating,index_item,index_user,
1907,79669,37550,1,50,392,CCCCCCCCCCCCC\C=C\[C@@H](O)[C@@H](N)COP(O)(O)=O
1908,79669,72961,1,3,392,CCCCCCCCCCCCCCCCCC(=O)N[C@@H](CO)[C@H](O)\C=C\CCCCCCCCCCCCC
1910,79669,76591,1,46,392,C[C@@H](CO)CCC[C@@H](C)[C@H]1CC[C@H]2[C@@H]3CC=C4C[C@@H](O)CC[C@]4(C)[C@H]3CC[C@]12C
1913,79669,72968,1,7,392,CCCCCCCCCCCCCCCCCCCCCCCCCC(=O)N[C@@H](CO)[C@H](O)\C=C\CCCCCCCCCCCCC
1915,79669,72966,1,9,392,CCCCCCCCCCCCCCCCCCCCCC(=O)N[C@@H](CO)[C@H](O)\C=C\CCCCCCCCCCCCC
,,,,,,
,,,,,,
,,,,,,
,,,,,,
,user,item,rating,index_item,index_user,
4199,164765,16680,1,37,870,N[C@@H](CCSC[C@H]1O[C@H]([C@H](O)[C@@H]1O)n1cnc2c(N)ncnc12)C(O)=O
4200,164765,17579,1,77,870,CC(\C=C\C=C(C)\C=C\C1=C(C)CCCC1(C)C)=C/C=C/C=C(C)/C=C/C=C(C)/C=C/C1=C(C)CCCC1(C)C
4201,164765,6402,1,94,870,Cc1oncc1C(=O)Nc1ccc(cc1)C(F)(F)F
4202,164765,2877,1,93,870,C(C[C@@H](C(N[C@@H](CC1=CC=CC=C1)C(=O)OC)=O)N)(=O)O
4203,164765,6872,1,89,870,[Cl-].CN(C)c1ccc2nc3ccc(cc3[s+]c2c1)N(C)C
4204,164765,140908,1,55,870,C1(=CC=CC=C1CN2C(N(CCC2)CC=3C(=CC=CC3)N(C)C)C=4C=CN=CC4)N(C)C
,,,,,,
,user,item,rating,index_item,index_user,
4199,164765,16680,1,37,870,N[C@@H](CCSC[C@H]1O[C@H]([C@H](O)[C@@H]1O)n1cnc2c(N)ncnc12)C(O)=O
4200,164765,17579,1,77,870,CC(\C=C\C=C(C)\C=C\C1=C(C)CCCC1(C)C)=C/C=C/C=C(C)/C=C/C=C(C)/C=C/C1=C(C)CCCC1(C)C
,,,,,,
,,,,,,
,,,,,,
,user,item,rating,index_item,index_user,
1937,81383,4208,1,16,397,OC[C@H]1OC(O)[C@@H](O)[C@@H](O)[C@@H]1O
1938,81383,15746,1,11,397,NCCCNCCCCNCCCN
1939,81383,17754,1,17,397,OCC(O)CO
1940,81383,17568,1,18,397,O=c1cc[nH]c(=O)[nH]1
1941,81383,17151,1,12,397,OC[C@H](O)[C@@H](O)[C@H](O)CO
1942,81383,4167,1,19,397,OC[C@H]1OC(O)[C@H](O)[C@@H](O)[C@@H]1O
1943,81383,15428,1,20,397,NCC(O)=O
1944,81383,16467,1,21,397,N[C@@H](CCCNC(N)=N)C(O)=O
1945,81383,15971,1,22,397,N[C@@H](Cc1c[nH]cn1)C(O)=O
1946,81383,16196,1,23,397,CCCCCCCC\C=C/CCCCCCCC(O)=O
1947,81383,29073,1,24,397,[H][C@@]1(OC(=O)C(O)=C1O)[C@@H](O)CO
1948,81383,17115,1,25,397,N[C@@H](CO)C(O)=O
1949,81383,15756,1,13,397,CCCCCCCCCCCCCCCC(O)=O
1950,81383,16828,1,26,397,N[C@@H](Cc1c[nH]c2ccccc12)C(O)=O
1951,81383,28061,1,27,397,OC[C@H]1O[C@H](O)[C@H](O)[C@@H](O)[C@H]1O
1952,81383,17268,1,28,397,O[C@H]1[C@H](O)[C@@H](O)[C@H](O)[C@H](O)[C@@H]1O
1953,81383,18095,1,29,397,[C@H]1(C[C@@H](O)CN1)C(O)=O
1954,81383,16958,1,14,397,NCCC(O)=O
1955,81383,15956,1,30,397,[H][C@]12CS[C@@H](CCCCC(O)=O)[C@@]1([H])NC(=O)N2
1956,81383,16737,1,31,397,CN1CC(=O)NC1=N
1957,81383,30769,1,0,397,OC(=O)CC(O)(CC(O)=O)C(O)=O
1958,81383,21547,1,1,397,CC(=O)N[C@@H](CC(O)=O)C(O)=O
1959,81383,16349,1,32,397,N[C@@H](CCCNC(N)=O)C(O)=O
1960,81383,16015,1,15,397,N[C@@H](CCC(O)=O)C(O)=O
1961,81383,18050,1,33,397,N[C@@H](CCC(N)=O)C(O)=O
1962,81383,17295,1,34,397,N[C@@H](Cc1ccccc1)C(O)=O
1963,81383,17203,1,35,397,OC(=O)[C@@H]1CCCN1
1964,81383,17992,1,36,397,OC[C@H]1O[C@H](O[C@]2(CO)O[C@H](CO)[C@@H](O)[C@@H]2O)[C@H](O)[C@@H](O)[C@@H]1O
1965,81383,16680,1,37,397,N[C@@H](CCSC[C@H]1O[C@H]([C@H](O)[C@@H]1O)n1cnc2c(N)ncnc12)C(O)=O
1966,81383,27732,1,38,397,Cn1cnc2n(C)c(=O)n(C)c(=O)c12
1967,81383,18344,1,39,397,OC(=O)c1cc(O)c2ccccc2n1
1968,81383,17154,1,40,397,NC(=O)c1cccnc1
1969,81383,15891,1,41,397,C(CS(O)(=O)=O)N
1970,81383,18367,1,42,397,[O-]P([O-])([O-])=O
,,,,,,
,user,item,rating,index_item,index_user,
1939,81383,17754,1,17,397,OCC(O)CO
1940,81383,17568,1,18,397,O=c1cc[nH]c(=O)[nH]1
1952,81383,17268,1,28,397,O[C@H]1[C@H](O)[C@@H](O)[C@H](O)[C@H](O)[C@@H]1O
1956,81383,16737,1,31,397,CN1CC(=O)NC1=N
1957,81383,30769,1,0,397,OC(=O)CC(O)(CC(O)=O)C(O)=O
1960,81383,16015,1,15,397,N[C@@H](CCC(O)=O)C(O)=O
1965,81383,16680,1,37,397,N[C@@H](CCSC[C@H]1O[C@H]([C@H](O)[C@@H]1O)n1cnc2c(N)ncnc12)C(O)=O
1967,81383,18344,1,39,397,OC(=O)c1cc(O)c2ccccc2n1
,,,,,,
,,,,,,
,,,,,,
,,,,,,
,,,,,,
,,,,,,
,user,item,rating,index_item,index_user,
3066,116167,15354,1,56,642,C[N+](C)(C)CCO
3067,116167,4167,1,19,642,OC[C@H]1OC(O)[C@H](O)[C@@H](O)[C@@H]1O
3068,116167,30751,1,48,642,[H]C(O)=O
3069,116167,16828,1,26,642,N[C@@H](Cc1c[nH]c2ccccc12)C(O)=O
3070,116167,16919,1,57,642,CN(CC(O)=O)C(N)=N
3071,116167,16737,1,31,642,CN1CC(=O)NC1=N
3072,116167,30769,1,0,642,OC(=O)CC(O)(CC(O)=O)C(O)=O
3073,116167,16015,1,15,642,N[C@@H](CCC(O)=O)C(O)=O
3074,116167,18050,1,33,642,N[C@@H](CCC(N)=O)C(O)=O
,,,,,,
,user,item,rating,index_item,index_user,
3071,116167,16737,1,31,642,CN1CC(=O)NC1=N
3072,116167,30769,1,0,642,OC(=O)CC(O)(CC(O)=O)C(O)=O
3073,116167,16015,1,15,642,N[C@@H](CCC(O)=O)C(O)=O
,,,,,,
,,,,,,
,,,,,,
,,,,,,
,user,item,rating,index_item,index_user,
4510,181197,15746,2,11,960,NCCCNCCCCNCCCN
4511,181197,28088,2,52,960,OC1=CC=C(C=C1)C1=COC2=C(C(O)=CC(O)=C2)C1=O
4512,181197,3215,1,74,960,
4513,181197,16236,1,61,960,CCO
4514,181197,17578,1,43,960,Cc1ccccc1
4515,181197,17688,1,64,960,[H][C@]1(CCCN1C)C1=CC=CN=C1
4516,181197,17992,1,36,960,OC[C@H]1O[C@H](O[C@]2(CO)O[C@H](CO)[C@@H](O)[C@@H]2O)[C@H](O)[C@@H](O)[C@@H]1O
4517,181197,15864,2,62,960,OC1=CC(O)=C2C(=O)C=C(OC2=C1)C1=CC=C(O)C(O)=C1
4518,181197,17154,1,40,960,NC(=O)c1cccnc1
4519,181197,8093,1,63,960,CNC[C@H](O)c1cccc(O)c1
4520,181197,134301,1,80,960,OC(=O)[C@@H](CC1=CC(O)=C(O)C=C1)OC(=O)\C=C\C1=C2[C@@H]([C@H](OC2=C(O)C=C1)C1=CC(O)=C(O)C=C1)C(=O)O[C@H](CC1=CC(O)=C(O)C=C1)C(O)=O
,,,,,,
,user,item,rating,index_item,index_user,
4517,181197,15864,2,62,960,OC1=CC(O)=C2C(=O)C=C(OC2=C1)C1=CC=C(O)C(O)=C1
,,,,,,
,,,,,,
,,,,,,
,user,item,rating,index_item,index_user,
3462,131166,4208,1,16,725,OC[C@H]1OC(O)[C@@H](O)[C@@H](O)[C@@H]1O
3463,131166,15746,1,11,725,NCCCNCCCCNCCCN
3464,131166,17754,1,17,725,OCC(O)CO
3465,131166,17568,1,18,725,O=c1cc[nH]c(=O)[nH]1
3466,131166,17151,1,12,725,OC[C@H](O)[C@@H](O)[C@H](O)CO
3467,131166,4167,1,19,725,OC[C@H]1OC(O)[C@H](O)[C@@H](O)[C@@H]1O
3468,131166,15428,1,20,725,NCC(O)=O
3469,131166,16467,1,21,725,N[C@@H](CCCNC(N)=N)C(O)=O
3470,131166,15971,1,22,725,N[C@@H](Cc1c[nH]cn1)C(O)=O
3471,131166,16196,1,23,725,CCCCCCCC\C=C/CCCCCCCC(O)=O
3472,131166,29073,1,24,725,[H][C@@]1(OC(=O)C(O)=C1O)[C@@H](O)CO
3473,131166,17115,1,25,725,N[C@@H](CO)C(O)=O
3474,131166,15756,1,13,725,CCCCCCCCCCCCCCCC(O)=O
3475,131166,16828,1,26,725,N[C@@H](Cc1c[nH]c2ccccc12)C(O)=O
3476,131166,28061,1,27,725,OC[C@H]1O[C@H](O)[C@H](O)[C@@H](O)[C@H]1O
3477,131166,17268,1,28,725,O[C@H]1[C@H](O)[C@@H](O)[C@H](O)[C@H](O)[C@@H]1O
3478,131166,18095,1,29,725,[C@H]1(C[C@@H](O)CN1)C(O)=O
3479,131166,16958,1,14,725,NCCC(O)=O
3480,131166,15956,1,30,725,[H][C@]12CS[C@@H](CCCCC(O)=O)[C@@]1([H])NC(=O)N2
3481,131166,16737,1,31,725,CN1CC(=O)NC1=N
3482,131166,30769,1,0,725,OC(=O)CC(O)(CC(O)=O)C(O)=O
3483,131166,21547,1,1,725,CC(=O)N[C@@H](CC(O)=O)C(O)=O
3484,131166,16349,1,32,725,N[C@@H](CCCNC(N)=O)C(O)=O
3485,131166,16015,1,15,725,N[C@@H](CCC(O)=O)C(O)=O
3486,131166,18050,1,33,725,N[C@@H](CCC(N)=O)C(O)=O
3487,131166,17295,1,34,725,N[C@@H](Cc1ccccc1)C(O)=O
3488,131166,17203,1,35,725,OC(=O)[C@@H]1CCCN1
3489,131166,17992,1,36,725,OC[C@H]1O[C@H](O[C@]2(CO)O[C@H](CO)[C@@H](O)[C@@H]2O)[C@H](O)[C@@H](O)[C@@H]1O
3490,131166,16680,1,37,725,N[C@@H](CCSC[C@H]1O[C@H]([C@H](O)[C@@H]1O)n1cnc2c(N)ncnc12)C(O)=O
3491,131166,27732,1,38,725,Cn1cnc2n(C)c(=O)n(C)c(=O)c12
3492,131166,18344,1,39,725,OC(=O)c1cc(O)c2ccccc2n1
3493,131166,17154,1,40,725,NC(=O)c1cccnc1
3494,131166,15891,1,41,725,C(CS(O)(=O)=O)N
3495,131166,18367,1,42,725,[O-]P([O-])([O-])=O
,,,,,,
,user,item,rating,index_item,index_user,
3464,131166,17754,1,17,725,OCC(O)CO
3465,131166,17568,1,18,725,O=c1cc[nH]c(=O)[nH]1
3477,131166,17268,1,28,725,O[C@H]1[C@H](O)[C@@H](O)[C@H](O)[C@H](O)[C@@H]1O
3481,131166,16737,1,31,725,CN1CC(=O)NC1=N
3482,131166,30769,1,0,725,OC(=O)CC(O)(CC(O)=O)C(O)=O
3485,131166,16015,1,15,725,N[C@@H](CCC(O)=O)C(O)=O
3490,131166,16680,1,37,725,N[C@@H](CCSC[C@H]1O[C@H]([C@H](O)[C@@H]1O)n1cnc2c(N)ncnc12)C(O)=O
3492,131166,18344,1,39,725,OC(=O)c1cc(O)c2ccccc2n1
,,,,,,
,,,,,,
,,,,,,
,,,,,,
,user,item,rating,index_item,index_user,
680,27829,465284,1,71,98,Nc1nc2n(COC(CO)CO)cnc2c(=O)[nH]1
681,27829,29073,2,24,98,[H][C@@]1(OC(=O)C(O)=C1O)[C@@H](O)CO
682,27829,16958,1,14,98,NCCC(O)=O
683,27829,28973,1,81,98,[H][C@@]12CC(=O)N3c4ccccc4[C@]45CCN6CC(=CCO1)[C@]([H])(C[C@@]46[H])[C@]2([H])[C@]35[H]
684,27829,5870,1,90,98,[O-][N+](=O)N=C1NCCN1Cc1ccc(Cl)nc1
685,27829,16134,1,66,98,[H]N([H])[H]
686,27829,27732,1,38,98,Cn1cnc2n(C)c(=O)n(C)c(=O)c12
687,27829,76591,1,46,98,C[C@@H](CO)CCC[C@@H](C)[C@H]1CC[C@H]2[C@@H]3CC=C4C[C@@H](O)CC[C@]4(C)[C@H]3CC[C@]12C
688,27829,8093,1,63,98,CNC[C@H](O)c1cccc(O)c1
689,27829,134301,1,80,98,OC(=O)[C@@H](CC1=CC(O)=C(O)C=C1)OC(=O)\C=C\C1=C2[C@@H]([C@H](OC2=C(O)C=C1)C1=CC(O)=C(O)C=C1)C(=O)O[C@H](CC1=CC(O)=C(O)C=C1)C(O)=O
690,27829,134411,2,70,98,C(CCCCCCCC)CCCCC(N[C@H](C(=O)N[C@H](C(N[C@H](C(N[C@H](C(N[C@H](C(=O)N[C@H](C(=O)O)CCCCN)CCCCN)=O)CCCCN)=O)CCCCN)=O)CO)CSCC(OC(=O)CCCCCCCCCCCCCCC)COC(=O)CCCCCCCCCCCCCCC)=O
,,,,,,
,user,item,rating,index_item,index_user,
687,27829,76591,1,46,98,C[C@@H](CO)CCC[C@@H](C)[C@H]1CC[C@H]2[C@@H]3CC=C4C[C@@H](O)CC[C@]4(C)[C@H]3CC[C@]12C
,,,,,,
,,,,,,
,,,,,,
,,,,,,
,user,item,rating,index_item,index_user,
1998,84263,37550,1,50,406,CCCCCCCCCCCCC\C=C\[C@@H](O)[C@@H](N)COP(O)(O)=O
1999,84263,72961,1,3,406,CCCCCCCCCCCCCCCCCC(=O)N[C@@H](CO)[C@H](O)\C=C\CCCCCCCCCCCCC
2000,84263,72959,1,4,406,CCCCCCCCCCCCCCCC(=O)N[C@@H](CO)[C@H](O)\C=C\CCCCCCCCCCCCC
2001,84263,76591,1,46,406,C[C@@H](CO)CCC[C@@H](C)[C@H]1CC[C@H]2[C@@H]3CC=C4C[C@@H](O)CC[C@]4(C)[C@H]3CC[C@]12C
2002,84263,77996,1,5,406,CCCCCCCCCCCCC\C=C\[C@@H](O)[C@H](CO)NC(=O)CCCCCCC\C=C/CCCCCCCC
2003,84263,74450,1,6,406,CCCCCCCCCCCCC\C=C\[C@@H](O)[C@H](CO)NC(=O)CCCCCCCCCCCCC\C=C/CCCCCCCC
2004,84263,72968,1,7,406,CCCCCCCCCCCCCCCCCCCCCCCCCC(=O)N[C@@H](CO)[C@H](O)\C=C\CCCCCCCCCCCCC
2005,84263,72962,1,8,406,CCCCCCCCCCCCCCCCCCCC(=O)N[C@@H](CO)[C@H](O)\C=C\CCCCCCCCCCCCC
2006,84263,72966,1,9,406,CCCCCCCCCCCCCCCCCCCCCC(=O)N[C@@H](CO)[C@H](O)\C=C\CCCCCCCCCCCCC
2007,84263,72956,1,10,406,CCCCCCCCCCCCC\C=C\[C@@H](O)[C@H](CO)NC(=O)CCCCCCCCCCC
,,,,,,
,user,item,rating,index_item,index_user,
1998,84263,37550,1,50,406,CCCCCCCCCCCCC\C=C\[C@@H](O)[C@@H](N)COP(O)(O)=O
1999,84263,72961,1,3,406,CCCCCCCCCCCCCCCCCC(=O)N[C@@H](CO)[C@H](O)\C=C\CCCCCCCCCCCCC
2001,84263,76591,1,46,406,C[C@@H](CO)CCC[C@@H](C)[C@H]1CC[C@H]2[C@@H]3CC=C4C[C@@H](O)CC[C@]4(C)[C@H]3CC[C@]12C
2004,84263,72968,1,7,406,CCCCCCCCCCCCCCCCCCCCCCCCCC(=O)N[C@@H](CO)[C@H](O)\C=C\CCCCCCCCCCCCC
2006,84263,72966,1,9,406,CCCCCCCCCCCCCCCCCCCCCC(=O)N[C@@H](CO)[C@H](O)\C=C\CCCCCCCCCCCCC
,,,,,,
,,,,,,
,,,,,,
,,,,,,
,user,item,rating,index_item,index_user,
5011,187907,17568,1,18,1071,O=c1cc[nH]c(=O)[nH]1
5012,187907,28088,1,52,1071,OC1=CC=C(C=C1)C1=COC2=C(C(O)=CC(O)=C2)C1=O
5013,187907,15940,1,72,1071,OC(=O)c1cccnc1
5014,187907,27693,1,67,1071,[H][C@@]1(CC[C@@]2([H])[C@]3([H])CC=C4C[C@@H](O)CC[C@]4(C)[C@@]3([H])CC[C@]12C)[C@H](C)CC[C@@H](CC)C(C)C
,,,,,,
,user,item,rating,index_item,index_user,
5011,187907,17568,1,18,1071,O=c1cc[nH]c(=O)[nH]1
,,,,,,
,,,,,,
,,,,,,
,user,item,rating,index_item,index_user,
4963,187470,17151,1,12,1056,OC[C@H](O)[C@@H](O)[C@H](O)CO
4964,187470,17115,1,25,1056,N[C@@H](CO)C(O)=O
4965,187470,7936,2,97,1056,[H][C@]1(CCNC[C@H]1COc1ccc2OCOc2c1)c1ccc(F)cc1
4966,187470,104872,1,82,1056,COc1ccc(cc1OC1CCCC1)C1CNC(=O)C1
4967,187470,134355,1,92,1056,C12=CC(=CC=C1C=CC(O2)=O)OC/C=C(/CCC=C(C)C)\C
,,,,,,
,user,item,rating,index_item,index_user,
4965,187470,7936,2,97,1056,[H][C@]1(CCNC[C@H]1COc1ccc2OCOc2c1)c1ccc(F)cc1
,,,,,,
,,,,,,
,,,,,,
,,,,,,
,user,item,rating,index_item,index_user,
3790,147224,4167,1,19,779,OC[C@H]1OC(O)[C@H](O)[C@@H](O)[C@@H]1O
3791,147224,16015,1,15,779,N[C@@H](CCC(O)=O)C(O)=O
,,,,,,
,user,item,rating,index_item,index_user,
3791,147224,16015,1,15,779,N[C@@H](CCC(O)=O)C(O)=O
,,,,,,
,,,,,,
,,,,,,
,,,,,,
,,,,,,
,user,item,rating,index_item,index_user,
4950,187459,17568,1,18,1051,O=c1cc[nH]c(=O)[nH]1
4951,187459,17115,1,25,1051,N[C@@H](CO)C(O)=O
4952,187459,45783,1,98,1051,CN1CCN(Cc2ccc(cc2)C(=O)Nc2ccc(C)c(Nc3nccc(n3)-c3cccnc3)c2)CC1
4953,187459,18344,1,39,1051,OC(=O)c1cc(O)c2ccccc2n1
,,,,,,
,user,item,rating,index_item,index_user,
4950,187459,17568,1,18,1051,O=c1cc[nH]c(=O)[nH]1
4953,187459,18344,1,39,1051,OC(=O)c1cc(O)c2ccccc2n1
,,,,,,
,,,,,,
,,,,,,
,,,,,,
,user,item,rating,index_item,index_user,
4830,186604,17754,1,17,1017,OCC(O)CO
4831,186604,16467,1,21,1017,N[C@@H](CCCNC(N)=N)C(O)=O
4832,186604,15971,1,22,1017,N[C@@H](Cc1c[nH]cn1)C(O)=O
4833,186604,17115,1,25,1017,N[C@@H](CO)C(O)=O
4834,186604,15756,1,13,1017,CCCCCCCCCCCCCCCC(O)=O
4835,186604,16828,1,26,1017,N[C@@H](Cc1c[nH]c2ccccc12)C(O)=O
4836,186604,17268,1,28,1017,O[C@H]1[C@H](O)[C@@H](O)[C@H](O)[C@H](O)[C@@H]1O
4837,186604,18050,1,33,1017,N[C@@H](CCC(N)=O)C(O)=O
4838,186604,17295,1,34,1017,N[C@@H](Cc1ccccc1)C(O)=O
4839,186604,17203,1,35,1017,OC(=O)[C@@H]1CCCN1
,,,,,,
,user,item,rating,index_item,index_user,
4830,186604,17754,1,17,1017,OCC(O)CO
4836,186604,17268,1,28,1017,O[C@H]1[C@H](O)[C@@H](O)[C@H](O)[C@H](O)[C@@H]1O
,,,,,,
,,,,,,
,,,,,,
,user,item,rating,index_item,index_user,
1183,55173,3387,1,73,230,NC(=O)N1c2ccccc2C=Cc2ccccc12
1184,55173,37550,1,50,230,CCCCCCCCCCCCC\C=C\[C@@H](O)[C@@H](N)COP(O)(O)=O
1185,55173,18050,1,33,230,N[C@@H](CCC(N)=O)C(O)=O
1186,55173,28918,1,44,230,CNC[C@H](O)c1ccc(O)c(O)c1
,,,,,,
,user,item,rating,index_item,index_user,
1184,55173,37550,1,50,230,CCCCCCCCCCCCC\C=C\[C@@H](O)[C@@H](N)COP(O)(O)=O
,,,,,,
,,,,,,
,,,,,,
,,,,,,
,user,item,rating,index_item,index_user,
1527,66385,29007,1,49,288,[H][C@]12SCC(CSc3nc(=O)c(=O)[nH]n3C)=C(N1C(=O)[C@H]2NC(=O)C(=N/OC)\c1csc(N)n1)C(O)=O
1528,66385,28177,1,2,288,Cn1c2nc[nH]c2c(=O)n(C)c1=O
,,,,,,
,user,item,rating,index_item,index_user,
1528,66385,28177,1,2,288,Cn1c2nc[nH]c2c(=O)n(C)c1=O
,,,,,,
,,,,,,
,,,,,,
,,,,,,
,,,,,,
,,,,,,
,,,,,,
,user,item,rating,index_item,index_user,
3092,118293,37550,1,50,647,CCCCCCCCCCCCC\C=C\[C@@H](O)[C@@H](N)COP(O)(O)=O
3093,118293,72961,1,3,647,CCCCCCCCCCCCCCCCCC(=O)N[C@@H](CO)[C@H](O)\C=C\CCCCCCCCCCCCC
3094,118293,72959,1,4,647,CCCCCCCCCCCCCCCC(=O)N[C@@H](CO)[C@H](O)\C=C\CCCCCCCCCCCCC
3095,118293,76591,1,46,647,C[C@@H](CO)CCC[C@@H](C)[C@H]1CC[C@H]2[C@@H]3CC=C4C[C@@H](O)CC[C@]4(C)[C@H]3CC[C@]12C
3096,118293,77996,1,5,647,CCCCCCCCCCCCC\C=C\[C@@H](O)[C@H](CO)NC(=O)CCCCCCC\C=C/CCCCCCCC
3097,118293,74450,1,6,647,CCCCCCCCCCCCC\C=C\[C@@H](O)[C@H](CO)NC(=O)CCCCCCCCCCCCC\C=C/CCCCCCCC
3098,118293,72968,1,7,647,CCCCCCCCCCCCCCCCCCCCCCCCCC(=O)N[C@@H](CO)[C@H](O)\C=C\CCCCCCCCCCCCC
3099,118293,72962,1,8,647,CCCCCCCCCCCCCCCCCCCC(=O)N[C@@H](CO)[C@H](O)\C=C\CCCCCCCCCCCCC
3100,118293,72966,1,9,647,CCCCCCCCCCCCCCCCCCCCCC(=O)N[C@@H](CO)[C@H](O)\C=C\CCCCCCCCCCCCC
3101,118293,72956,1,10,647,CCCCCCCCCCCCC\C=C\[C@@H](O)[C@H](CO)NC(=O)CCCCCCCCCCC
,,,,,,
,user,item,rating,index_item,index_user,
3092,118293,37550,1,50,647,CCCCCCCCCCCCC\C=C\[C@@H](O)[C@@H](N)COP(O)(O)=O
3093,118293,72961,1,3,647,CCCCCCCCCCCCCCCCCC(=O)N[C@@H](CO)[C@H](O)\C=C\CCCCCCCCCCCCC
3095,118293,76591,1,46,647,C[C@@H](CO)CCC[C@@H](C)[C@H]1CC[C@H]2[C@@H]3CC=C4C[C@@H](O)CC[C@]4(C)[C@H]3CC[C@]12C
3098,118293,72968,1,7,647,CCCCCCCCCCCCCCCCCCCCCCCCCC(=O)N[C@@H](CO)[C@H](O)\C=C\CCCCCCCCCCCCC
3100,118293,72966,1,9,647,CCCCCCCCCCCCCCCCCCCCCC(=O)N[C@@H](CO)[C@H](O)\C=C\CCCCCCCCCCCCC
,,,,,,
,,,,,,
,,,,,,
,,,,,,
,,,,,,
,,,,,,
,user,item,rating,index_item,index_user,
4984,187808,15864,1,62,1064,OC1=CC(O)=C2C(=O)C=C(OC2=C1)C1=CC=C(O)C(O)=C1
4985,187808,2877,1,93,1064,C(C[C@@H](C(N[C@@H](CC1=CC=CC=C1)C(=O)OC)=O)N)(=O)O
,,,,,,
,user,item,rating,index_item,index_user,
4984,187808,15864,1,62,1064,OC1=CC(O)=C2C(=O)C=C(OC2=C1)C1=CC=C(O)C(O)=C1
,,,,,,
,,,,,,
,,,,,,
,,,,,,
,user,item,rating,index_item,index_user,
1875,78372,15354,1,56,379,C[N+](C)(C)CCO
1876,78372,4167,1,19,379,OC[C@H]1OC(O)[C@H](O)[C@@H](O)[C@@H]1O
1877,78372,30751,1,48,379,[H]C(O)=O
1878,78372,16828,1,26,379,N[C@@H](Cc1c[nH]c2ccccc12)C(O)=O
1879,78372,16919,1,57,379,CN(CC(O)=O)C(N)=N
1880,78372,16737,1,31,379,CN1CC(=O)NC1=N
1881,78372,30769,1,0,379,OC(=O)CC(O)(CC(O)=O)C(O)=O
1882,78372,16015,1,15,379,N[C@@H](CCC(O)=O)C(O)=O
1883,78372,18050,1,33,379,N[C@@H](CCC(N)=O)C(O)=O
,,,,,,
,user,item,rating,index_item,index_user,
1880,78372,16737,1,31,379,CN1CC(=O)NC1=N
1881,78372,30769,1,0,379,OC(=O)CC(O)(CC(O)=O)C(O)=O
1882,78372,16015,1,15,379,N[C@@H](CCC(O)=O)C(O)=O
,,,,,,
,,,,,,
,,,,,,
,user,item,rating,index_item,index_user,
1067,47386,37550,1,50,187,CCCCCCCCCCCCC\C=C\[C@@H](O)[C@@H](N)COP(O)(O)=O
1068,47386,72961,1,3,187,CCCCCCCCCCCCCCCCCC(=O)N[C@@H](CO)[C@H](O)\C=C\CCCCCCCCCCCCC
1069,47386,72959,1,4,187,CCCCCCCCCCCCCCCC(=O)N[C@@H](CO)[C@H](O)\C=C\CCCCCCCCCCCCC
1070,47386,76591,1,46,187,C[C@@H](CO)CCC[C@@H](C)[C@H]1CC[C@H]2[C@@H]3CC=C4C[C@@H](O)CC[C@]4(C)[C@H]3CC[C@]12C
1071,47386,77996,1,5,187,CCCCCCCCCCCCC\C=C\[C@@H](O)[C@H](CO)NC(=O)CCCCCCC\C=C/CCCCCCCC
1072,47386,74450,1,6,187,CCCCCCCCCCCCC\C=C\[C@@H](O)[C@H](CO)NC(=O)CCCCCCCCCCCCC\C=C/CCCCCCCC
1073,47386,72968,1,7,187,CCCCCCCCCCCCCCCCCCCCCCCCCC(=O)N[C@@H](CO)[C@H](O)\C=C\CCCCCCCCCCCCC
1074,47386,72962,1,8,187,CCCCCCCCCCCCCCCCCCCC(=O)N[C@@H](CO)[C@H](O)\C=C\CCCCCCCCCCCCC
1075,47386,72966,1,9,187,CCCCCCCCCCCCCCCCCCCCCC(=O)N[C@@H](CO)[C@H](O)\C=C\CCCCCCCCCCCCC
1076,47386,72956,1,10,187,CCCCCCCCCCCCC\C=C\[C@@H](O)[C@H](CO)NC(=O)CCCCCCCCCCC
,,,,,,
,user,item,rating,index_item,index_user,
1067,47386,37550,1,50,187,CCCCCCCCCCCCC\C=C\[C@@H](O)[C@@H](N)COP(O)(O)=O
1068,47386,72961,1,3,187,CCCCCCCCCCCCCCCCCC(=O)N[C@@H](CO)[C@H](O)\C=C\CCCCCCCCCCCCC
1070,47386,76591,1,46,187,C[C@@H](CO)CCC[C@@H](C)[C@H]1CC[C@H]2[C@@H]3CC=C4C[C@@H](O)CC[C@]4(C)[C@H]3CC[C@]12C
1073,47386,72968,1,7,187,CCCCCCCCCCCCCCCCCCCCCCCCCC(=O)N[C@@H](CO)[C@H](O)\C=C\CCCCCCCCCCCCC
1075,47386,72966,1,9,187,CCCCCCCCCCCCCCCCCCCCCC(=O)N[C@@H](CO)[C@H](O)\C=C\CCCCCCCCCCCCC
,,,,,,
,,,,,,
,,,,,,
,,,,,,
,,,,,,
,,,,,,
,,,,,,
,,,,,,
,,,,,,
,user,item,rating,index_item,index_user,
3428,130645,28088,1,52,719,OC1=CC=C(C=C1)C1=COC2=C(C(O)=CC(O)=C2)C1=O
3429,130645,15864,1,62,719,OC1=CC(O)=C2C(=O)C=C(OC2=C1)C1=CC=C(O)C(O)=C1
3430,130645,8093,1,63,719,CNC[C@H](O)c1cccc(O)c1
,,,,,,
,user,item,rating,index_item,index_user,
3429,130645,15864,1,62,719,OC1=CC(O)=C2C(=O)C=C(OC2=C1)C1=CC=C(O)C(O)=C1
,,,,,,
,,,,,,
,,,,,,
,,,,,,
,,,,,,
,user,item,rating,index_item,index_user,
2203,87721,72961,1,3,455,CCCCCCCCCCCCCCCCCC(=O)N[C@@H](CO)[C@H](O)\C=C\CCCCCCCCCCCCC
2204,87721,72959,1,4,455,CCCCCCCCCCCCCCCC(=O)N[C@@H](CO)[C@H](O)\C=C\CCCCCCCCCCCCC
2205,87721,77996,1,5,455,CCCCCCCCCCCCC\C=C\[C@@H](O)[C@H](CO)NC(=O)CCCCCCC\C=C/CCCCCCCC
2206,87721,74450,1,6,455,CCCCCCCCCCCCC\C=C\[C@@H](O)[C@H](CO)NC(=O)CCCCCCCCCCCCC\C=C/CCCCCCCC
2207,87721,72968,1,7,455,CCCCCCCCCCCCCCCCCCCCCCCCCC(=O)N[C@@H](CO)[C@H](O)\C=C\CCCCCCCCCCCCC
2208,87721,72962,1,8,455,CCCCCCCCCCCCCCCCCCCC(=O)N[C@@H](CO)[C@H](O)\C=C\CCCCCCCCCCCCC
2209,87721,72966,1,9,455,CCCCCCCCCCCCCCCCCCCCCC(=O)N[C@@H](CO)[C@H](O)\C=C\CCCCCCCCCCCCC
2210,87721,72956,1,10,455,CCCCCCCCCCCCC\C=C\[C@@H](O)[C@H](CO)NC(=O)CCCCCCCCCCC
2211,87721,134411,1,70,455,C(CCCCCCCC)CCCCC(N[C@H](C(=O)N[C@H](C(N[C@H](C(N[C@H](C(N[C@H](C(=O)N[C@H](C(=O)O)CCCCN)CCCCN)=O)CCCCN)=O)CCCCN)=O)CO)CSCC(OC(=O)CCCCCCCCCCCCCCC)COC(=O)CCCCCCCCCCCCCCC)=O
,,,,,,
,user,item,rating,index_item,index_user,
2203,87721,72961,1,3,455,CCCCCCCCCCCCCCCCCC(=O)N[C@@H](CO)[C@H](O)\C=C\CCCCCCCCCCCCC
2207,87721,72968,1,7,455,CCCCCCCCCCCCCCCCCCCCCCCCCC(=O)N[C@@H](CO)[C@H](O)\C=C\CCCCCCCCCCCCC
2209,87721,72966,1,9,455,CCCCCCCCCCCCCCCCCCCCCC(=O)N[C@@H](CO)[C@H](O)\C=C\CCCCCCCCCCCCC
,,,,,,
,,,,,,
,,,,,,
,,,,,,
,,,,,,
,user,item,rating,index_item,index_user,
4720,184029,15428,1,20,995,NCC(O)=O
4721,184029,16467,1,21,995,N[C@@H](CCCNC(N)=N)C(O)=O
4722,184029,15971,1,22,995,N[C@@H](Cc1c[nH]cn1)C(O)=O
4723,184029,17115,1,25,995,N[C@@H](CO)C(O)=O
4724,184029,16349,1,32,995,N[C@@H](CCCNC(N)=O)C(O)=O
4725,184029,16015,1,15,995,N[C@@H](CCC(O)=O)C(O)=O
4726,184029,18050,1,33,995,N[C@@H](CCC(N)=O)C(O)=O
4727,184029,17295,1,34,995,N[C@@H](Cc1ccccc1)C(O)=O
4728,184029,15891,1,41,995,C(CS(O)(=O)=O)N
4729,184029,545959,2,54,995,COc1cc(CC(O)=O)ccc1O
,,,,,,
,user,item,rating,index_item,index_user,
4725,184029,16015,1,15,995,N[C@@H](CCC(O)=O)C(O)=O
4729,184029,545959,2,54,995,COc1cc(CC(O)=O)ccc1O
,,,,,,
,,,,,,
,,,,,,
,,,,,,
,,,,,,
,,,,,,
,user,item,rating,index_item,index_user,
1975,83174,16236,1,61,401,CCO
1976,83174,7936,1,97,401,[H][C@]1(CCNC[C@H]1COc1ccc2OCOc2c1)c1ccc(F)cc1
,,,,,,
,user,item,rating,index_item,index_user,
1976,83174,7936,1,97,401,[H][C@]1(CCNC[C@H]1COc1ccc2OCOc2c1)c1ccc(F)cc1
,,,,,,
,,,,,,
,,,,,,
,user,item,rating,index_item,index_user,
3381,128197,15746,1,11,702,NCCCNCCCCNCCCN
3382,128197,17151,1,12,702,OC[C@H](O)[C@@H](O)[C@H](O)CO
3383,128197,15756,1,13,702,CCCCCCCCCCCCCCCC(O)=O
3384,128197,16958,1,14,702,NCCC(O)=O
3385,128197,16015,1,15,702,N[C@@H](CCC(O)=O)C(O)=O
,,,,,,
,user,item,rating,index_item,index_user,
3385,128197,16015,1,15,702,N[C@@H](CCC(O)=O)C(O)=O
,,,,,,
,,,,,,
,,,,,,
,,,,,,
,,,,,,
,,,,,,
,,,,,,
,user,item,rating,index_item,index_user,
1115,51275,17754,1,17,205,OCC(O)CO
1116,51275,15971,1,22,205,N[C@@H](Cc1c[nH]cn1)C(O)=O
,,,,,,
,user,item,rating,index_item,index_user,
1115,51275,17754,1,17,205,OCC(O)CO
,,,,,,
,,,,,,
,,,,,,
,,,,,,
,user,item,rating,index_item,index_user,
3773,147142,16828,1,26,775,N[C@@H](Cc1c[nH]c2ccccc12)C(O)=O
3774,147142,16313,1,58,775,OC(=O)[C@H]1CCCN1
3775,147142,18344,1,39,775,OC(=O)c1cc(O)c2ccccc2n1
,,,,,,
,user,item,rating,index_item,index_user,
3775,147142,18344,1,39,775,OC(=O)c1cc(O)c2ccccc2n1
,,,,,,
,,,,,,
,,,,,,
,,,,,,
,,,,,,
,user,item,rating,index_item,index_user,
647,27725,175901,1,86,91,Nc1ccn([C@@H]2O[C@H](CO)[C@@H](O)C2(F)F)c(=O)n1
648,27725,17578,1,43,91,Cc1ccccc1
649,27725,17579,1,77,91,CC(\C=C\C=C(C)\C=C\C1=C(C)CCCC1(C)C)=C/C=C/C=C(C)/C=C/C=C(C)/C=C/C1=C(C)CCCC1(C)C
650,27725,134301,1,80,91,OC(=O)[C@@H](CC1=CC(O)=C(O)C=C1)OC(=O)\C=C\C1=C2[C@@H]([C@H](OC2=C(O)C=C1)C1=CC(O)=C(O)C=C1)C(=O)O[C@H](CC1=CC(O)=C(O)C=C1)C(O)=O
,,,,,,
,user,item,rating,index_item,index_user,
649,27725,17579,1,77,91,CC(\C=C\C=C(C)\C=C\C1=C(C)CCCC1(C)C)=C/C=C/C=C(C)/C=C/C=C(C)/C=C/C1=C(C)CCCC1(C)C
,,,,,,
,,,,,,
,,,,,,
,,,,,,
,,,,,,
,user,item,rating,index_item,index_user,
3776,147143,72961,1,3,776,CCCCCCCCCCCCCCCCCC(=O)N[C@@H](CO)[C@H](O)\C=C\CCCCCCCCCCCCC
3777,147143,72959,1,4,776,CCCCCCCCCCCCCCCC(=O)N[C@@H](CO)[C@H](O)\C=C\CCCCCCCCCCCCC
3778,147143,77996,1,5,776,CCCCCCCCCCCCC\C=C\[C@@H](O)[C@H](CO)NC(=O)CCCCCCC\C=C/CCCCCCCC
3779,147143,74450,1,6,776,CCCCCCCCCCCCC\C=C\[C@@H](O)[C@H](CO)NC(=O)CCCCCCCCCCCCC\C=C/CCCCCCCC
3780,147143,72968,1,7,776,CCCCCCCCCCCCCCCCCCCCCCCCCC(=O)N[C@@H](CO)[C@H](O)\C=C\CCCCCCCCCCCCC
3781,147143,72962,1,8,776,CCCCCCCCCCCCCCCCCCCC(=O)N[C@@H](CO)[C@H](O)\C=C\CCCCCCCCCCCCC
3782,147143,72966,1,9,776,CCCCCCCCCCCCCCCCCCCCCC(=O)N[C@@H](CO)[C@H](O)\C=C\CCCCCCCCCCCCC
3783,147143,72956,1,10,776,CCCCCCCCCCCCC\C=C\[C@@H](O)[C@H](CO)NC(=O)CCCCCCCCCCC
,,,,,,
,user,item,rating,index_item,index_user,
3776,147143,72961,1,3,776,CCCCCCCCCCCCCCCCCC(=O)N[C@@H](CO)[C@H](O)\C=C\CCCCCCCCCCCCC
3780,147143,72968,1,7,776,CCCCCCCCCCCCCCCCCCCCCCCCCC(=O)N[C@@H](CO)[C@H](O)\C=C\CCCCCCCCCCCCC
3782,147143,72966,1,9,776,CCCCCCCCCCCCCCCCCCCCCC(=O)N[C@@H](CO)[C@H](O)\C=C\CCCCCCCCCCCCC
,,,,,,
,,,,,,
,,,,,,
,,,,,,
,,,,,,
,,,,,,
,,,,,,
,,,,,,
,,,,,,
,user,item,rating,index_item,index_user,
4041,158677,4167,1,19,840,OC[C@H]1OC(O)[C@H](O)[C@@H](O)[C@@H]1O
4042,158677,18132,1,51,840,C[N+](C)(C)CCOP(O)(O)=O
4043,158677,15971,1,22,840,N[C@@H](Cc1c[nH]cn1)C(O)=O
4044,158677,29073,1,24,840,[H][C@@]1(OC(=O)C(O)=C1O)[C@@H](O)CO
4045,158677,30772,1,53,840,CCCC(O)=O
4046,158677,30751,1,48,840,[H]C(O)=O
4047,158677,16828,1,26,840,N[C@@H](Cc1c[nH]c2ccccc12)C(O)=O
4048,158677,28061,1,27,840,OC[C@H]1O[C@H](O)[C@H](O)[C@@H](O)[C@H]1O
4049,158677,17268,1,28,840,O[C@H]1[C@H](O)[C@@H](O)[C@H](O)[C@H](O)[C@@H]1O
4050,158677,16919,1,57,840,CN(CC(O)=O)C(N)=N
4051,158677,16737,1,31,840,CN1CC(=O)NC1=N
4052,158677,30769,1,0,840,OC(=O)CC(O)(CC(O)=O)C(O)=O
4053,158677,18050,1,33,840,N[C@@H](CCC(N)=O)C(O)=O
4054,158677,17295,1,34,840,N[C@@H](Cc1ccccc1)C(O)=O
4055,158677,17203,1,35,840,OC(=O)[C@@H]1CCCN1
4056,158677,17154,1,40,840,NC(=O)c1cccnc1
4057,158677,15891,1,41,840,C(CS(O)(=O)=O)N
,,,,,,
,user,item,rating,index_item,index_user,
4049,158677,17268,1,28,840,O[C@H]1[C@H](O)[C@@H](O)[C@H](O)[C@H](O)[C@@H]1O
4051,158677,16737,1,31,840,CN1CC(=O)NC1=N
4052,158677,30769,1,0,840,OC(=O)CC(O)(CC(O)=O)C(O)=O
,,,,,,
,,,,,,
,,,,,,
,,,,,,
,user,item,rating,index_item,index_user,
3090,118088,15746,1,11,646,NCCCNCCCCNCCCN
3091,118088,16680,1,37,646,N[C@@H](CCSC[C@H]1O[C@H]([C@H](O)[C@@H]1O)n1cnc2c(N)ncnc12)C(O)=O
,,,,,,
,user,item,rating,index_item,index_user,
3091,118088,16680,1,37,646,N[C@@H](CCSC[C@H]1O[C@H]([C@H](O)[C@@H]1O)n1cnc2c(N)ncnc12)C(O)=O
,,,,,,
,,,,,,
,,,,,,
,,,,,,
,user,item,rating,index_item,index_user,
2685,99408,4208,1,16,562,OC[C@H]1OC(O)[C@@H](O)[C@@H](O)[C@@H]1O
2686,99408,17754,1,17,562,OCC(O)CO
2687,99408,17568,1,18,562,O=c1cc[nH]c(=O)[nH]1
2688,99408,17151,1,12,562,OC[C@H](O)[C@@H](O)[C@H](O)CO
2689,99408,4167,1,19,562,OC[C@H]1OC(O)[C@H](O)[C@@H](O)[C@@H]1O
2690,99408,15428,1,20,562,NCC(O)=O
2691,99408,28061,1,27,562,OC[C@H]1O[C@H](O)[C@H](O)[C@@H](O)[C@H]1O
2692,99408,17268,1,28,562,O[C@H]1[C@H](O)[C@@H](O)[C@H](O)[C@H](O)[C@@H]1O
2693,99408,16015,1,15,562,N[C@@H](CCC(O)=O)C(O)=O
,,,,,,
,user,item,rating,index_item,index_user,
2686,99408,17754,1,17,562,OCC(O)CO
2687,99408,17568,1,18,562,O=c1cc[nH]c(=O)[nH]1
2692,99408,17268,1,28,562,O[C@H]1[C@H](O)[C@@H](O)[C@H](O)[C@H](O)[C@@H]1O
2693,99408,16015,1,15,562,N[C@@H](CCC(O)=O)C(O)=O
,,,,,,
,,,,,,
,,,,,,
,,,,,,
,,,,,,
,user,item,rating,index_item,index_user,
4493,181163,37550,1,50,957,CCCCCCCCCCCCC\C=C\[C@@H](O)[C@@H](N)COP(O)(O)=O
4494,181163,72961,2,3,957,CCCCCCCCCCCCCCCCCC(=O)N[C@@H](CO)[C@H](O)\C=C\CCCCCCCCCCCCC
4495,181163,72959,2,4,957,CCCCCCCCCCCCCCCC(=O)N[C@@H](CO)[C@H](O)\C=C\CCCCCCCCCCCCC
4496,181163,76591,1,46,957,C[C@@H](CO)CCC[C@@H](C)[C@H]1CC[C@H]2[C@@H]3CC=C4C[C@@H](O)CC[C@]4(C)[C@H]3CC[C@]12C
4497,181163,77996,2,5,957,CCCCCCCCCCCCC\C=C\[C@@H](O)[C@H](CO)NC(=O)CCCCCCC\C=C/CCCCCCCC
4498,181163,74450,2,6,957,CCCCCCCCCCCCC\C=C\[C@@H](O)[C@H](CO)NC(=O)CCCCCCCCCCCCC\C=C/CCCCCCCC
4499,181163,72968,2,7,957,CCCCCCCCCCCCCCCCCCCCCCCCCC(=O)N[C@@H](CO)[C@H](O)\C=C\CCCCCCCCCCCCC
4500,181163,72962,2,8,957,CCCCCCCCCCCCCCCCCCCC(=O)N[C@@H](CO)[C@H](O)\C=C\CCCCCCCCCCCCC
4501,181163,72966,2,9,957,CCCCCCCCCCCCCCCCCCCCCC(=O)N[C@@H](CO)[C@H](O)\C=C\CCCCCCCCCCCCC
4502,181163,72956,2,10,957,CCCCCCCCCCCCC\C=C\[C@@H](O)[C@H](CO)NC(=O)CCCCCCCCCCC
,,,,,,
,user,item,rating,index_item,index_user,
4493,181163,37550,1,50,957,CCCCCCCCCCCCC\C=C\[C@@H](O)[C@@H](N)COP(O)(O)=O
4494,181163,72961,2,3,957,CCCCCCCCCCCCCCCCCC(=O)N[C@@H](CO)[C@H](O)\C=C\CCCCCCCCCCCCC
4496,181163,76591,1,46,957,C[C@@H](CO)CCC[C@@H](C)[C@H]1CC[C@H]2[C@@H]3CC=C4C[C@@H](O)CC[C@]4(C)[C@H]3CC[C@]12C
4499,181163,72968,2,7,957,CCCCCCCCCCCCCCCCCCCCCCCCCC(=O)N[C@@H](CO)[C@H](O)\C=C\CCCCCCCCCCCCC
4501,181163,72966,2,9,957,CCCCCCCCCCCCCCCCCCCCCC(=O)N[C@@H](CO)[C@H](O)\C=C\CCCCCCCCCCCCC
,,,,,,
,,,,,,
,,,,,,
,,,,,,
,,,,,,
,,,,,,
,,,,,,
,user,item,rating,index_item,index_user,
5040,188387,16189,1,65,1082,[O-]S([O-])(=O)=O
5041,188387,31941,1,84,1082,[H][N]1([H])[C@@H]2CCCC[C@H]2[N]([H])([H])[Pt]11OC(=O)C(=O)O1
5042,188387,140908,1,55,1082,C1(=CC=CC=C1CN2C(N(CCC2)CC=3C(=CC=CC3)N(C)C)C=4C=CN=CC4)N(C)C
,,,,,,
,user,item,rating,index_item,index_user,
5040,188387,16189,1,65,1082,[O-]S([O-])(=O)=O
,,,,,,
,,,,,,
,,,,,,
,,,,,,
,user,item,rating,index_item,index_user,
4149,163676,17151,2,12,856,OC[C@H](O)[C@@H](O)[C@H](O)CO
4150,163676,16680,1,37,856,N[C@@H](CCSC[C@H]1O[C@H]([C@H](O)[C@@H]1O)n1cnc2c(N)ncnc12)C(O)=O
,,,,,,
,user,item,rating,index_item,index_user,
4150,163676,16680,1,37,856,N[C@@H](CCSC[C@H]1O[C@H]([C@H](O)[C@@H]1O)n1cnc2c(N)ncnc12)C(O)=O
,,,,,,
,,,,,,
,,,,,,
,user,item,rating,index_item,index_user,
3616,137531,37550,1,50,747,CCCCCCCCCCCCC\C=C\[C@@H](O)[C@@H](N)COP(O)(O)=O
3617,137531,72961,1,3,747,CCCCCCCCCCCCCCCCCC(=O)N[C@@H](CO)[C@H](O)\C=C\CCCCCCCCCCCCC
3618,137531,72959,1,4,747,CCCCCCCCCCCCCCCC(=O)N[C@@H](CO)[C@H](O)\C=C\CCCCCCCCCCCCC
3619,137531,76591,1,46,747,C[C@@H](CO)CCC[C@@H](C)[C@H]1CC[C@H]2[C@@H]3CC=C4C[C@@H](O)CC[C@]4(C)[C@H]3CC[C@]12C
3620,137531,77996,1,5,747,CCCCCCCCCCCCC\C=C\[C@@H](O)[C@H](CO)NC(=O)CCCCCCC\C=C/CCCCCCCC
3621,137531,74450,1,6,747,CCCCCCCCCCCCC\C=C\[C@@H](O)[C@H](CO)NC(=O)CCCCCCCCCCCCC\C=C/CCCCCCCC
3622,137531,72968,1,7,747,CCCCCCCCCCCCCCCCCCCCCCCCCC(=O)N[C@@H](CO)[C@H](O)\C=C\CCCCCCCCCCCCC
3623,137531,72962,1,8,747,CCCCCCCCCCCCCCCCCCCC(=O)N[C@@H](CO)[C@H](O)\C=C\CCCCCCCCCCCCC
3624,137531,72966,1,9,747,CCCCCCCCCCCCCCCCCCCCCC(=O)N[C@@H](CO)[C@H](O)\C=C\CCCCCCCCCCCCC
3625,137531,72956,1,10,747,CCCCCCCCCCCCC\C=C\[C@@H](O)[C@H](CO)NC(=O)CCCCCCCCCCC
,,,,,,
,user,item,rating,index_item,index_user,
3616,137531,37550,1,50,747,CCCCCCCCCCCCC\C=C\[C@@H](O)[C@@H](N)COP(O)(O)=O
3617,137531,72961,1,3,747,CCCCCCCCCCCCCCCCCC(=O)N[C@@H](CO)[C@H](O)\C=C\CCCCCCCCCCCCC
3619,137531,76591,1,46,747,C[C@@H](CO)CCC[C@@H](C)[C@H]1CC[C@H]2[C@@H]3CC=C4C[C@@H](O)CC[C@]4(C)[C@H]3CC[C@]12C
3622,137531,72968,1,7,747,CCCCCCCCCCCCCCCCCCCCCCCCCC(=O)N[C@@H](CO)[C@H](O)\C=C\CCCCCCCCCCCCC
3624,137531,72966,1,9,747,CCCCCCCCCCCCCCCCCCCCCC(=O)N[C@@H](CO)[C@H](O)\C=C\CCCCCCCCCCCCC
,,,,,,
,,,,,,
,,,,,,
,,,,,,
,user,item,rating,index_item,index_user,
138,9390,15354,1,56,21,C[N+](C)(C)CCO
139,9390,15746,1,11,21,NCCCNCCCCNCCCN
140,9390,17568,1,18,21,O=c1cc[nH]c(=O)[nH]1
141,9390,15428,1,20,21,NCC(O)=O
142,9390,29007,1,49,21,[H][C@]12SCC(CSc3nc(=O)c(=O)[nH]n3C)=C(N1C(=O)[C@H]2NC(=O)C(=N/OC)\c1csc(N)n1)C(O)=O
143,9390,16467,1,21,21,N[C@@H](CCCNC(N)=N)C(O)=O
,,,,,,
,user,item,rating,index_item,index_user,
140,9390,17568,1,18,21,O=c1cc[nH]c(=O)[nH]1
,,,,,,
,,,,,,
,,,,,,
,user,item,rating,index_item,index_user,
2215,88259,16469,1,91,459,[H][C@]12CC[C@]3(C)[C@@H](O)CC[C@@]3([H])[C@]1([H])CCc1cc(O)ccc21
2216,88259,18095,1,29,459,[C@H]1(C[C@@H](O)CN1)C(O)=O
2217,88259,28001,1,100,459,CN[C@H](CC(C)C)C(=O)N[C@@H]1[C@H](O)c2ccc(Oc3cc4cc(Oc5ccc(cc5Cl)[C@@H](O)[C@@H]5NC(=O)[C@H](NC(=O)[C@@H]4NC(=O)[C@H](CC(N)=O)NC1=O)c1ccc(O)c(c1)-c1c(O)cc(O)cc1[C@H](NC5=O)C(O)=O)c3O[C@@H]1O[C@H](CO)[C@@H](O)[C@H](O)[C@H]1O[C@H]1C[C@](C)(N)[C@H](O)[C@H](C)O1)c(Cl)c2
2218,88259,137113,1,47,459,C(=O)(OC(C)(C)C)C[C@H]1C=2N(C3=C(C(=N1)C4=CC=C(C=C4)Cl)C(=C(S3)C)C)C(=NN2)C
,,,,,,
,user,item,rating,index_item,index_user,
2215,88259,16469,1,91,459,[H][C@]12CC[C@]3(C)[C@@H](O)CC[C@@]3([H])[C@]1([H])CCc1cc(O)ccc21
,,,,,,
,,,,,,
,,,,,,
,user,item,rating,index_item,index_user,
1455,64186,4208,1,16,276,OC[C@H]1OC(O)[C@@H](O)[C@@H](O)[C@@H]1O
1456,64186,17754,1,17,276,OCC(O)CO
1457,64186,17568,1,18,276,O=c1cc[nH]c(=O)[nH]1
1458,64186,4167,1,19,276,OC[C@H]1OC(O)[C@H](O)[C@@H](O)[C@@H]1O
1459,64186,16467,1,21,276,N[C@@H](CCCNC(N)=N)C(O)=O
1460,64186,17115,1,25,276,N[C@@H](CO)C(O)=O
1461,64186,15756,1,13,276,CCCCCCCCCCCCCCCC(O)=O
1462,64186,17268,1,28,276,O[C@H]1[C@H](O)[C@@H](O)[C@H](O)[C@H](O)[C@@H]1O
1463,64186,17992,1,36,276,OC[C@H]1O[C@H](O[C@]2(CO)O[C@H](CO)[C@@H](O)[C@@H]2O)[C@H](O)[C@@H](O)[C@@H]1O
1464,64186,16189,1,65,276,[O-]S([O-])(=O)=O
1465,64186,16680,1,37,276,N[C@@H](CCSC[C@H]1O[C@H]([C@H](O)[C@@H]1O)n1cnc2c(N)ncnc12)C(O)=O
1466,64186,16134,1,66,276,[H]N([H])[H]
,,,,,,
,user,item,rating,index_item,index_user,
1456,64186,17754,1,17,276,OCC(O)CO
1457,64186,17568,1,18,276,O=c1cc[nH]c(=O)[nH]1
1462,64186,17268,1,28,276,O[C@H]1[C@H](O)[C@@H](O)[C@H](O)[C@H](O)[C@@H]1O
1464,64186,16189,1,65,276,[O-]S([O-])(=O)=O
1465,64186,16680,1,37,276,N[C@@H](CCSC[C@H]1O[C@H]([C@H](O)[C@@H]1O)n1cnc2c(N)ncnc12)C(O)=O
,,,,,,
,,,,,,
,,,,,,
,,,,,,
,,,,,,
,,,,,,
,,,,,,
,user,item,rating,index_item,index_user,
3750,146012,37550,1,50,769,CCCCCCCCCCCCC\C=C\[C@@H](O)[C@@H](N)COP(O)(O)=O
3751,146012,72961,1,3,769,CCCCCCCCCCCCCCCCCC(=O)N[C@@H](CO)[C@H](O)\C=C\CCCCCCCCCCCCC
3752,146012,72959,1,4,769,CCCCCCCCCCCCCCCC(=O)N[C@@H](CO)[C@H](O)\C=C\CCCCCCCCCCCCC
3753,146012,76591,1,46,769,C[C@@H](CO)CCC[C@@H](C)[C@H]1CC[C@H]2[C@@H]3CC=C4C[C@@H](O)CC[C@]4(C)[C@H]3CC[C@]12C
3754,146012,77996,1,5,769,CCCCCCCCCCCCC\C=C\[C@@H](O)[C@H](CO)NC(=O)CCCCCCC\C=C/CCCCCCCC
3755,146012,74450,1,6,769,CCCCCCCCCCCCC\C=C\[C@@H](O)[C@H](CO)NC(=O)CCCCCCCCCCCCC\C=C/CCCCCCCC
3756,146012,72968,1,7,769,CCCCCCCCCCCCCCCCCCCCCCCCCC(=O)N[C@@H](CO)[C@H](O)\C=C\CCCCCCCCCCCCC
3757,146012,72962,1,8,769,CCCCCCCCCCCCCCCCCCCC(=O)N[C@@H](CO)[C@H](O)\C=C\CCCCCCCCCCCCC
3758,146012,72966,1,9,769,CCCCCCCCCCCCCCCCCCCCCC(=O)N[C@@H](CO)[C@H](O)\C=C\CCCCCCCCCCCCC
3759,146012,72956,1,10,769,CCCCCCCCCCCCC\C=C\[C@@H](O)[C@H](CO)NC(=O)CCCCCCCCCCC
,,,,,,
,user,item,rating,index_item,index_user,
3750,146012,37550,1,50,769,CCCCCCCCCCCCC\C=C\[C@@H](O)[C@@H](N)COP(O)(O)=O
3751,146012,72961,1,3,769,CCCCCCCCCCCCCCCCCC(=O)N[C@@H](CO)[C@H](O)\C=C\CCCCCCCCCCCCC
3753,146012,76591,1,46,769,C[C@@H](CO)CCC[C@@H](C)[C@H]1CC[C@H]2[C@@H]3CC=C4C[C@@H](O)CC[C@]4(C)[C@H]3CC[C@]12C
3756,146012,72968,1,7,769,CCCCCCCCCCCCCCCCCCCCCCCCCC(=O)N[C@@H](CO)[C@H](O)\C=C\CCCCCCCCCCCCC
3758,146012,72966,1,9,769,CCCCCCCCCCCCCCCCCCCCCC(=O)N[C@@H](CO)[C@H](O)\C=C\CCCCCCCCCCCCC
,,,,,,
,,,,,,
,,,,,,
,user,item,rating,index_item,index_user,
826,33182,16236,1,61,130,CCO
827,33182,16919,1,57,130,CN(CC(O)=O)C(N)=N
828,33182,16737,1,31,130,CN1CC(=O)NC1=N
829,33182,30769,1,0,130,OC(=O)CC(O)(CC(O)=O)C(O)=O
830,33182,21547,1,1,130,CC(=O)N[C@@H](CC(O)=O)C(O)=O
831,33182,16349,1,32,130,N[C@@H](CCCNC(N)=O)C(O)=O
,,,,,,
,user,item,rating,index_item,index_user,
828,33182,16737,1,31,130,CN1CC(=O)NC1=N
829,33182,30769,1,0,130,OC(=O)CC(O)(CC(O)=O)C(O)=O
,,,,,,
,,,,,,
,,,,,,
,user,item,rating,index_item,index_user,
4205,164989,16189,1,65,871,[O-]S([O-])(=O)=O
4206,164989,45783,1,98,871,CN1CCN(Cc2ccc(cc2)C(=O)Nc2ccc(C)c(Nc3nccc(n3)-c3cccnc3)c2)CC1
,,,,,,
,user,item,rating,index_item,index_user,
4205,164989,16189,1,65,871,[O-]S([O-])(=O)=O
,,,,,,
,,,,,,
,,,,,,
,,,,,,
,user,item,rating,index_item,index_user,
631,27668,465284,3,71,87,Nc1nc2n(COC(CO)CO)cnc2c(=O)[nH]1
632,27668,27693,1,67,87,[H][C@@]1(CC[C@@]2([H])[C@]3([H])CC=C4C[C@@H](O)CC[C@]4(C)[C@@]3([H])CC[C@]12C)[C@H](C)CC[C@@H](CC)C(C)C
633,27668,28177,1,2,87,Cn1c2nc[nH]c2c(=O)n(C)c1=O
,,,,,,
,user,item,rating,index_item,index_user,
633,27668,28177,1,2,87,Cn1c2nc[nH]c2c(=O)n(C)c1=O
,,,,,,
,,,,,,
,,,,,,
,user,item,rating,index_item,index_user,
1690,72692,30769,1,0,330,OC(=O)CC(O)(CC(O)=O)C(O)=O
1691,72692,140908,2,55,330,C1(=CC=CC=C1CN2C(N(CCC2)CC=3C(=CC=CC3)N(C)C)C=4C=CN=CC4)N(C)C
,,,,,,
,user,item,rating,index_item,index_user,
1690,72692,30769,1,0,330,OC(=O)CC(O)(CC(O)=O)C(O)=O
,,,,,,
,,,,,,
,,,,,,
,,,,,,
,user,item,rating,index_item,index_user,
778,30622,15354,1,56,121,C[N+](C)(C)CCO
779,30622,17754,1,17,121,OCC(O)CO
780,30622,17151,1,12,121,OC[C@H](O)[C@@H](O)[C@H](O)CO
781,30622,15428,1,20,121,NCC(O)=O
782,30622,15971,1,22,121,N[C@@H](Cc1c[nH]cn1)C(O)=O
783,30622,30772,1,53,121,CCCC(O)=O
784,30622,28061,1,27,121,OC[C@H]1O[C@H](O)[C@H](O)[C@@H](O)[C@H]1O
785,30622,16236,1,61,121,CCO
786,30622,16737,1,31,121,CN1CC(=O)NC1=N
787,30622,16015,1,15,121,N[C@@H](CCC(O)=O)C(O)=O
788,30622,18050,1,33,121,N[C@@H](CCC(N)=O)C(O)=O
789,30622,17295,1,34,121,N[C@@H](Cc1ccccc1)C(O)=O
790,30622,17203,1,35,121,OC(=O)[C@@H]1CCCN1
791,30622,27732,1,38,121,Cn1cnc2n(C)c(=O)n(C)c(=O)c12
792,30622,2877,1,93,121,C(C[C@@H](C(N[C@@H](CC1=CC=CC=C1)C(=O)OC)=O)N)(=O)O
,,,,,,
,user,item,rating,index_item,index_user,
779,30622,17754,1,17,121,OCC(O)CO
786,30622,16737,1,31,121,CN1CC(=O)NC1=N
787,30622,16015,1,15,121,N[C@@H](CCC(O)=O)C(O)=O
,,,,,,
,,,,,,
,,,,,,
,,,,,,
,user,item,rating,index_item,index_user,
5077,189690,17579,1,77,1095,CC(\C=C\C=C(C)\C=C\C1=C(C)CCCC1(C)C)=C/C=C/C=C(C)/C=C/C=C(C)/C=C/C1=C(C)CCCC1(C)C
5078,189690,49960,1,45,1095,COc1cc2c(Nc3ccc(Br)cc3F)ncnc2cc1OCC1CCN(C)CC1
,,,,,,
,user,item,rating,index_item,index_user,
5077,189690,17579,1,77,1095,CC(\C=C\C=C(C)\C=C\C1=C(C)CCCC1(C)C)=C/C=C/C=C(C)/C=C/C=C(C)/C=C/C1=C(C)CCCC1(C)C
,,,,,,
,,,,,,
,,,,,,
,user,item,rating,index_item,index_user,
5231,191448,2682,1,96,1130,[H][C@]12C[C@@H](O[C@@H]3O[C@H](C)[C@@H](O)[C@H](N)[C@@H]3O)\C=C\C=C\C=C\C=C\C=C\C=C\C=C\[C@H](C)[C@@H](O)[C@@H](C)[C@H](C)OC(=O)C[C@H](O)C[C@H](O)CC[C@@H](O)[C@H](O)C[C@H](O)C[C@](O)(C[C@H](O)[C@H]1C(O)=O)O2
5232,191448,3215,1,74,1130,
5233,191448,15864,2,62,1130,OC1=CC(O)=C2C(=O)C=C(OC2=C1)C1=CC=C(O)C(O)=C1
5234,191448,17154,1,40,1130,NC(=O)c1cccnc1
5235,191448,15891,1,41,1130,C(CS(O)(=O)=O)N
5236,191448,15379,1,99,1130,O=O
,,,,,,
,user,item,rating,index_item,index_user,
5233,191448,15864,2,62,1130,OC1=CC(O)=C2C(=O)C=C(OC2=C1)C1=CC=C(O)C(O)=C1
,,,,,,
,,,,,,
,,,,,,
,user,item,rating,index_item,index_user,
4165,164250,15354,1,56,860,C[N+](C)(C)CCO
4166,164250,16467,1,21,860,N[C@@H](CCCNC(N)=N)C(O)=O
4167,164250,15971,1,22,860,N[C@@H](Cc1c[nH]cn1)C(O)=O
4168,164250,3215,1,74,860,CCCCN1CCCCC1C(=O)NC2=C(C=CC=C2C)C
4169,164250,16349,1,32,860,N[C@@H](CCCNC(N)=O)C(O)=O
4170,164250,16015,1,15,860,N[C@@H](CCC(O)=O)C(O)=O
4171,164250,18050,1,33,860,N[C@@H](CCC(N)=O)C(O)=O
4172,164250,17295,1,34,860,N[C@@H](Cc1ccccc1)C(O)=O
4173,164250,17203,1,35,860,OC(=O)[C@@H]1CCCN1
,,,,,,
,user,item,rating,index_item,index_user,
4170,164250,16015,1,15,860,N[C@@H](CCC(O)=O)C(O)=O
,,,,,,
,,,,,,
,,,,,,
,user,item,rating,index_item,index_user,
5196,191406,16716,2,68,1126,c1ccccc1
5197,191406,28001,1,100,1126,CN[C@H](CC(C)C)C(=O)N[C@@H]1[C@H](O)c2ccc(Oc3cc4cc(Oc5ccc(cc5Cl)[C@@H](O)[C@@H]5NC(=O)[C@H](NC(=O)[C@@H]4NC(=O)[C@H](CC(N)=O)NC1=O)c1ccc(O)c(c1)-c1c(O)cc(O)cc1[C@H](NC5=O)C(O)=O)c3O[C@@H]1O[C@H](CO)[C@@H](O)[C@H](O)[C@H]1O[C@H]1C[C@](C)(N)[C@H](O)[C@H](C)O1)c(Cl)c2
5198,191406,17295,1,34,1126,N[C@@H](Cc1ccccc1)C(O)=O
5199,191406,16134,1,66,1126,[H]N([H])[H]
5200,191406,6402,1,94,1126,Cc1oncc1C(=O)Nc1ccc(cc1)C(F)(F)F
5201,191406,15864,1,62,1126,OC1=CC(O)=C2C(=O)C=C(OC2=C1)C1=CC=C(O)C(O)=C1
5202,191406,17154,1,40,1126,NC(=O)c1cccnc1
5203,191406,71954,1,85,1126,Nc1cc(c(cn1)-c1cc(nc(n1)N1CCOCC1)N1CCOCC1)C(F)(F)F
5204,191406,8093,1,63,1126,CNC[C@H](O)c1cccc(O)c1
5205,191406,134355,1,92,1126,C12=CC(=CC=C1C=CC(O2)=O)OC/C=C(/CCC=C(C)C)\C
5206,191406,134301,4,80,1126,OC(=O)[C@@H](CC1=CC(O)=C(O)C=C1)OC(=O)\C=C\C1=C2[C@@H]([C@H](OC2=C(O)C=C1)C1=CC(O)=C(O)C=C1)C(=O)O[C@H](CC1=CC(O)=C(O)C=C1)C(O)=O
5207,191406,137113,1,47,1126,C(=O)(OC(C)(C)C)C[C@H]1C=2N(C3=C(C(=N1)C4=CC=C(C=C4)Cl)C(=C(S3)C)C)C(=NN2)C
5208,191406,140908,1,55,1126,C1(=CC=CC=C1CN2C(N(CCC2)CC=3C(=CC=CC3)N(C)C)C=4C=CN=CC4)N(C)C
,,,,,,
,user,item,rating,index_item,index_user,
5201,191406,15864,1,62,1126,OC1=CC(O)=C2C(=O)C=C(OC2=C1)C1=CC=C(O)C(O)=C1
